Campaign ID,Campaign Name,Campaign Type,Platform,Campaign Start Date,Campaign End Date,Duration Days,Year,Quarter,Month,Region,Audience Segment,Impressions,Clicks,CTR %,Leads Generated,Conversions,Conversion Rate %,Lead Conversion Rate %,Marketing Spend,Revenue Generated,ROI %,ROAS,CPC,CPM,CAC,Customer Acquisition Cost,CPL,is_outlier,outlier_reason
CMP-2025-001,Facebook_LeadGeneration_WorkingParents_We,Lead Generation,Facebook,2025-04-25,2025-05-03,8,2025,Q2 2025,Apr 2025,West,Working Parents,207908,1533,0.74,290,81,5.28,27.93,53162.56,96604.78,81.72,1.82,34.68,255.7,656.33,656.33,183.32,False,None
CMP-2025-002,Instagram_SeasonalSale_WorkingParents_No,Seasonal Sale,Instagram,2025-02-02,2025-02-10,8,2025,Q1 2025,Feb 2025,North,Working Parents,499271,5627,1.13,1046,320,5.69,30.59,51756.0,75561.82,46.0,1.46,9.2,103.66,161.74,161.74,49.48,False,None
CMP-2025-003,Email_Retargeting_SmallBusinessOwners_No,Retargeting,Email,2026-04-05,2026-05-19,44,2026,Q2 2026,Apr 2026,North,Small Business Owners,112262,3007,2.68,1058,429,14.27,40.55,14366.25,35257.64,145.42,2.45,4.78,127.97,33.49,33.49,13.58,False,None
CMP-2025-004,YouTube_ProductLaunch_Students_No,Product Launch,YouTube,2025-12-11,2025-12-24,13,2025,Q4 2025,Dec 2025,North,Students,2102614,9918,0.47,1316,221,2.23,16.79,72892.53,45774.03,-37.2,0.63,7.35,34.67,329.83,329.83,55.39,False,None
CMP-2025-005,YouTube_ProductLaunch_Students_So,Product Launch,YouTube,2026-01-23,2026-02-04,12,2026,Q1 2026,Jan 2026,South,Students,1656113,9734,0.59,1090,179,1.84,16.42,208439.86,97003.26,-53.46,0.47,21.41,125.86,1164.47,1164.47,191.23,False,None
CMP-2025-006,Facebook_BrandAwareness_WorkingParents_So,Brand Awareness,Facebook,2025-08-22,2025-09-16,25,2025,Q3 2025,Aug 2025,South,Working Parents,665884,6480,0.97,1001,330,5.09,32.97,123361.54,204750.58,65.98,1.66,19.04,185.26,373.82,373.82,123.24,False,None
CMP-2025-007,Google_BrandAwareness_ReturningCustomers_No,Brand Awareness,Google,2025-12-30,2026-01-19,20,2025,Q4 2025,Dec 2025,North,Returning Customers,207215,5299,2.56,1425,531,10.02,37.26,122727.54,229225.8,86.78,1.87,23.16,592.27,231.13,231.13,86.12,False,None
CMP-2025-008,Instagram_SeasonalSale_ReturningCustomers_Ea,Seasonal Sale,Instagram,2026-04-19,2026-05-20,31,2026,Q2 2026,Apr 2026,East,Returning Customers,553542,4631,0.84,643,205,4.43,31.88,131419.99,63436.1,-51.73,0.48,28.38,237.42,641.07,641.07,204.39,False,None
CMP-2025-009,Google_SeasonalSale_EnterpriseDecisionMakers_So,Seasonal Sale,Google,2025-02-02,2025-03-01,27,2025,Q1 2025,Feb 2025,South,Enterprise Decision Makers,260021,9485,3.65,2661,795,8.38,29.88,2250000.0,91524.36,-95.93,0.04,237.22,8653.15,2830.19,2830.19,845.55,True,"Marketing Spend ₹2,250,000 exceeds upper IQR bound ₹239,606"
CMP-2025-010,Google_BrandAwareness_ReturningCustomers_We,Brand Awareness,Google,2026-04-15,2026-05-01,16,2026,Q2 2026,Apr 2026,West,Returning Customers,179114,5334,2.98,1397,638,11.96,45.67,65828.44,127921.72,94.33,1.94,12.34,367.52,103.18,103.18,47.12,False,None
CMP-2025-011,Facebook_BrandAwareness_ReturningCustomers_No,Brand Awareness,Facebook,2025-08-13,2025-08-28,15,2025,Q3 2025,Aug 2025,North,Returning Customers,149683,1112,0.74,195,63,5.67,32.31,35454.58,68023.01,91.86,1.92,31.88,236.86,562.77,562.77,181.82,False,None
CMP-2025-012,LinkedIn_BrandAwareness_SmallBusinessOwners_No,Brand Awareness,LinkedIn,2025-03-07,2025-04-07,31,2025,Q1 2025,Mar 2025,North,Small Business Owners,53450,551,1.03,142,22,3.99,15.49,219321.24,373731.98,70.4,1.7,398.04,4103.3,9969.15,9969.15,1544.52,False,None
CMP-2025-013,Facebook_BrandAwareness_ReturningCustomers_So,Brand Awareness,Facebook,2026-07-04,2026-07-28,24,2026,Q3 2026,Jul 2026,South,Returning Customers,304905,2392,0.78,240,74,3.09,30.83,64120.18,126505.51,97.29,1.97,26.81,210.3,866.49,866.49,267.17,False,None
CMP-2025-014,Instagram_SeasonalSale_Students_No,Seasonal Sale,Instagram,2026-05-28,2026-06-15,18,2026,Q2 2026,May 2026,North,Students,513939,7017,1.37,1129,244,3.48,21.61,37237.24,56346.0,51.32,1.51,5.31,72.45,152.61,152.61,32.98,False,None
CMP-2025-015,Email_Retargeting_YoungProfessionals_Ce,Retargeting,Email,2025-06-15,2025-07-26,41,2025,Q2 2025,Jun 2025,Central,Young Professionals,130626,5250,4.02,1896,706,13.45,37.24,15030.43,44828.88,198.25,2.98,2.86,115.06,21.29,21.29,7.93,False,None
CMP-2025-016,Instagram_LeadGeneration_ReturningCustomers_Ea,Lead Generation,Instagram,2025-11-11,2025-12-03,22,2025,Q4 2025,Nov 2025,East,Returning Customers,716578,5179,0.72,820,158,3.05,19.27,125971.1,780679.87,519.73,6.2,24.32,175.8,797.29,797.29,153.62,False,None
CMP-2025-017,Instagram_LeadGeneration_YoungProfessionals_So,Lead Generation,Instagram,2025-05-09,2025-05-24,15,2025,Q2 2025,May 2025,South,Young Professionals,224029,2461,1.1,425,150,6.1,35.29,133887.6,291344.57,117.6,2.18,54.4,597.64,892.58,892.58,315.03,False,None
CMP-2025-018,Facebook_Retargeting_Students_No,Retargeting,Facebook,2025-07-25,2025-08-20,26,2025,Q3 2025,Jul 2025,North-East,Students,355254,5026,1.41,775,174,3.46,22.45,102244.0,117735.29,15.15,1.15,20.34,287.81,587.61,587.61,131.93,False,None
CMP-2025-019,Instagram_BrandAwareness_YoungProfessionals_We,Brand Awareness,Instagram,2025-01-22,2025-03-07,44,2025,Q1 2025,Jan 2025,West,Young Professionals,124530,1559,1.25,167,32,2.05,19.16,92670.61,129646.69,39.9,1.4,59.44,744.16,2895.96,2895.96,554.91,False,None
CMP-2025-020,Google_BrandAwareness_Students_No,Brand Awareness,Google,2025-11-29,2025-12-16,17,2025,Q4 2025,Nov 2025,North,Students,161645,5797,3.59,1631,739,12.75,45.31,69809.66,157362.79,125.42,2.25,12.04,431.87,94.47,94.47,42.8,False,None
CMP-2025-021,Google_Retargeting_Students_We,Retargeting,Google,2025-09-06,2025-10-13,37,2025,Q3 2025,Sep 2025,West,Students,72294,2421,3.35,579,207,8.55,35.75,58801.24,151015.06,156.82,2.57,24.29,813.36,284.06,284.06,101.56,False,None
CMP-2025-022,Email_Retargeting_YoungProfessionals_So,Retargeting,Email,2025-04-11,2025-04-21,10,2025,Q2 2025,Apr 2025,South,Young Professionals,124092,3656,2.95,1142,502,13.73,43.96,7741.28,21909.5,183.02,2.83,2.12,62.38,15.42,15.42,6.78,False,None
CMP-2025-023,Google_Retargeting_SmallBusinessOwners_So,Retargeting,Google,2025-10-13,2025-11-18,36,2025,Q4 2025,Oct 2025,South,Small Business Owners,151920,6525,4.3,1677,439,6.73,26.18,150408.2,584112.67,288.35,3.88,23.05,990.05,342.62,342.62,89.69,False,None
CMP-2025-024,Google_LeadGeneration_EnterpriseDecisionMakers_We,Lead Generation,Google,2025-01-16,2025-01-28,12,2025,Q1 2025,Jan 2025,West,Enterprise Decision Makers,88251,3061,3.47,643,220,7.19,34.21,141086.97,46538.72,-67.01,0.33,46.09,1598.7,641.3,641.3,219.42,False,None
CMP-2025-025,Instagram_LeadGeneration_YoungProfessionals_So,Lead Generation,Instagram,2026-01-24,2026-01-31,7,2026,Q1 2026,Jan 2026,South,Young Professionals,613964,6365,1.04,960,338,5.31,35.21,55498.35,158093.57,184.86,2.85,8.72,90.39,164.2,164.2,57.81,False,None
CMP-2025-026,YouTube_ProductLaunch_YoungProfessionals_Ea,Product Launch,YouTube,2026-07-24,2026-08-31,38,2026,Q3 2026,Jul 2026,East,Young Professionals,2338983,10774,0.46,1172,199,1.85,16.98,109890.95,39898.48,-63.69,0.36,10.2,46.98,552.22,552.22,93.76,False,None
CMP-2025-027,LinkedIn_LeadGeneration_EnterpriseDecisionMakers_So,Lead Generation,LinkedIn,2026-05-04,2026-06-12,39,2026,Q2 2026,May 2026,South,Enterprise Decision Makers,21810,180,0.83,41,7,3.89,17.07,137947.07,239479.76,73.6,1.74,766.37,6324.95,19706.72,19706.72,3364.56,False,None
CMP-2025-028,Google_LeadGeneration_Students_So,Lead Generation,Google,2025-08-29,2025-09-30,32,2025,Q3 2025,Aug 2025,South,Enterprise Decision Makers,106629,3954,3.71,1026,365,9.23,35.58,146285.91,385932.89,163.82,2.64,37.0,1371.91,400.78,400.78,142.58,False,None
CMP-2025-029,Instagram_LeadGeneration_WorkingParents_Ea,Lead Generation,Instagram,2026-06-20,2026-07-17,27,2026,Q2 2026,Jun 2026,East,Working Parents,571200,4872,0.85,719,216,4.43,30.04,48489.81,74163.1,52.95,1.53,9.95,84.89,224.49,224.49,67.44,False,None
CMP-2025-030,Instagram_BrandAwareness_YoungProfessionals_No,Brand Awareness,Instagram,2025-11-20,2025-12-01,11,2025,Q4 2025,Nov 2025,North,Young Professionals,474685,3489,0.74,574,156,4.47,27.18,96433.31,156557.01,62.35,1.62,27.64,203.15,618.16,618.16,168.0,False,None
CMP-2025-031,Facebook_BrandAwareness_Students_Ea,Brand Awareness,Facebook,2025-12-24,2026-01-04,11,2025,Q4 2025,Dec 2025,East,Students,219380,2981,1.36,550,160,5.37,29.09,67495.62,156495.84,131.86,2.32,22.64,307.67,421.85,421.85,122.72,False,None
CMP-2025-032,Facebook_BrandAwareness_ReturningCustomers_We,Brand Awareness,Facebook,2026-06-26,2026-07-03,7,2026,Q2 2026,Jun 2026,West,Returning Customers,707006,5218,0.74,1072,244,4.68,22.76,88779.26,189500.53,113.45,2.13,17.01,125.57,363.85,363.85,82.82,False,None
CMP-2025-033,Google_Retargeting_WorkingParents_So,Retargeting,Google,2026-07-21,2026-08-06,16,2026,Q3 2026,Jul 2026,South,Working Parents,215050,6124,2.85,1646,511,8.34,31.04,110603.73,227547.51,105.73,2.06,18.06,514.32,216.45,216.45,67.2,False,None
CMP-2025-034,Google_LeadGeneration_ReturningCustomers_No,Lead Generation,Google,2025-02-22,2025-03-06,12,2025,Q1 2025,Feb 2025,North,Returning Customers,60139,1885,3.13,374,178,9.44,47.59,138668.51,242225.88,74.68,1.75,73.56,2305.8,779.04,779.04,370.77,False,None
CMP-2025-035,Google_LeadGeneration_SmallBusinessOwners_So,Lead Generation,Google,2026-03-29,2026-05-10,42,2026,Q1 2026,Mar 2026,South,Small Business Owners,75730,3392,4.48,939,267,7.87,28.43,105113.36,167943.61,59.77,1.6,30.99,1388.0,393.68,393.68,111.94,False,None
CMP-2025-036,Facebook_BrandAwareness_WorkingParents_So,Brand Awareness,Facebook,2026-01-14,2026-02-27,44,2026,Q1 2026,Jan 2026,South,Working Parents,146352,1405,0.96,298,106,7.54,35.57,74425.47,104960.06,41.03,1.41,52.97,508.54,702.13,702.13,249.75,False,None
CMP-2025-037,Google_LeadGeneration_SmallBusinessOwners_No,Lead Generation,Google,2026-01-02,2026-01-22,20,2026,Q1 2026,Jan 2026,North,Small Business Owners,131346,4770,3.63,1443,684,14.34,47.4,118366.68,366772.98,209.86,3.1,24.81,901.18,173.05,173.05,82.03,False,None
CMP-2025-038,Google_LeadGeneration_Students_So,Lead Generation,Google,2025-08-31,2025-09-17,17,2025,Q3 2025,Aug 2025,South,Students,252725,6203,2.45,1756,573,9.24,32.63,136346.46,479040.52,251.34,3.51,21.98,539.51,237.95,237.95,77.65,False,None
CMP-2025-039,Google_LeadGeneration_SmallBusinessOwners_No,Lead Generation,Google,2025-09-12,2025-10-06,24,2025,Q3 2025,Sep 2025,North,Small Business Owners,137984,3429,2.49,843,249,7.26,29.54,122659.77,312425.33,154.71,2.55,35.77,888.94,492.61,492.61,145.5,False,None
CMP-2025-040,Instagram_SeasonalSale_YoungProfessionals_No,Seasonal Sale,Instagram,2025-12-25,2026-01-20,26,2025,Q4 2025,Dec 2025,East,Young Professionals,260441,3154,1.21,466,107,3.39,22.96,125202.15,74249.48,-40.7,0.59,39.7,480.73,1170.11,1170.11,268.67,False,None
CMP-2025-041,Facebook_LeadGeneration_ReturningCustomers_No,Lead Generation,Facebook,2025-10-13,2025-11-11,29,2025,Q4 2025,Oct 2025,North,Students,738124,8162,1.11,1736,475,5.82,27.36,70963.01,234483.33,230.43,3.3,8.69,96.14,149.4,149.4,40.88,False,None
CMP-2025-042,Facebook_LeadGeneration_WorkingParents_Ea,Lead Generation,Facebook,2025-07-02,2025-08-15,44,2025,Q3 2025,Jul 2025,East,Working Parents,188293,1919,1.02,360,98,5.11,27.22,55528.63,105370.29,89.76,1.9,28.94,294.91,566.62,566.62,154.25,False,None
CMP-2025-043,Instagram_SeasonalSale_Students_No,Seasonal Sale,Instagram,2026-06-08,2026-06-22,14,2026,Q2 2026,Jun 2026,North,Students,280475,3513,1.25,352,108,3.07,30.68,91307.63,580854.62,536.15,6.36,25.99,325.55,845.44,845.44,259.4,False,None
CMP-2025-044,LinkedIn_BrandAwareness_EnterpriseDecisionMakers_We,Brand Awareness,LinkedIn,2025-07-21,2025-08-20,30,2025,Q3 2025,Jul 2025,West,Enterprise Decision Makers,79691,657,0.82,145,25,3.81,17.24,211053.04,411216.83,94.84,1.95,321.24,2648.39,8442.12,8442.12,1455.54,False,None
CMP-2025-045,Facebook_SeasonalSale_Students_So,Seasonal Sale,Facebook,2026-06-04,2026-06-30,26,2026,Q2 2026,Jun 2026,South,Students,559241,6270,1.12,771,231,3.68,29.96,62511.03,97365.28,55.76,1.56,9.97,111.78,270.61,270.61,81.08,False,None
CMP-2025-046,Email_SeasonalSale_ReturningCustomers_So,Seasonal Sale,Email,2025-06-28,2025-08-10,43,2025,Q2 2025,Jun 2025,South,Returning Customers,25046,767,3.06,271,126,16.43,46.49,10349.22,32539.0,214.41,3.14,13.49,413.21,82.14,82.14,38.19,False,None
CMP-2025-047,Google_LeadGeneration_SmallBusinessOwners_So,Lead Generation,Google,2026-04-22,2026-05-27,35,2026,Q2 2026,Apr 2026,South,Small Business Owners,158832,6961,4.38,2029,586,8.42,28.88,61712.68,131016.09,112.3,2.12,8.87,388.54,105.31,105.31,30.42,False,None
CMP-2025-048,Google_Retargeting_WorkingParents_So,Retargeting,Google,2026-06-12,2026-07-10,28,2026,Q2 2026,Jun 2026,South,Working Parents,104019,3207,3.08,939,267,8.33,28.43,153999.96,224621.6,45.86,1.46,48.02,1480.5,576.78,576.78,164.0,False,None
CMP-2025-049,Google_BrandAwareness_YoungProfessionals_We,Brand Awareness,Google,2026-05-02,2026-05-13,11,2026,Q2 2026,May 2026,West,Young Professionals,182404,7260,3.98,1697,580,7.99,34.18,145767.11,244855.82,67.98,1.68,20.08,799.14,251.32,251.32,85.9,False,None
CMP-2025-050,LinkedIn_BrandAwareness_EnterpriseDecisionMakers_Ea,Brand Awareness,LinkedIn,2025-01-06,2025-01-19,13,2025,Q1 2025,Jan 2025,East,Enterprise Decision Makers,71875,613,0.85,119,29,4.73,24.37,83297.2,210266.51,152.43,2.52,135.88,1158.92,2872.32,2872.32,699.98,False,None
CMP-2025-051,LinkedIn_LeadGeneration_EnterpriseDecisionMakers_No,Lead Generation,LinkedIn,2025-05-05,2025-06-10,36,2025,Q2 2025,May 2025,North-East,Enterprise Decision Makers,53585,409,0.76,70,19,4.65,27.14,126312.57,163531.81,29.47,1.29,308.83,2357.24,6648.03,6648.03,1804.47,False,None
CMP-2025-052,Instagram_BrandAwareness_YoungProfessionals_No,Brand Awareness,Instagram,2026-06-01,2026-07-05,34,2026,Q2 2026,Jun 2026,North,Young Professionals,685241,8786,1.28,1379,313,3.56,22.7,88005.27,127126.11,44.45,1.44,10.02,128.43,281.17,281.17,63.82,False,None
CMP-2025-053,Email_ProductLaunch_SmallBusinessOwners_No,Product Launch,Email,2025-10-11,2025-11-20,40,2025,Q4 2025,Oct 2025,North,Small Business Owners,75585,3281,4.34,1049,470,14.32,44.8,6490.57,34614.08,433.3,5.33,1.98,85.87,13.81,13.81,6.19,False,None
CMP-2025-054,Facebook_Retargeting_ReturningCustomers_Ce,Retargeting,Facebook,2025-03-24,2025-04-08,15,2025,Q1 2025,Mar 2025,Central,Returning Customers,216267,1799,0.83,269,64,3.56,23.79,69049.06,105122.37,52.24,1.52,38.38,319.28,1078.89,1078.89,256.69,False,None
CMP-2025-055,Email_SeasonalSale_SmallBusinessOwners_Ce,Seasonal Sale,Email,2025-03-05,2025-03-25,20,2025,Q1 2025,Mar 2025,Central,Small Business Owners,113526,5720,5.04,1621,853,14.91,52.62,8368.46,5954.6,-28.84,0.71,1.46,73.71,9.81,9.81,5.16,False,None
CMP-2025-056,Email_Retargeting_YoungProfessionals_No,Retargeting,Email,2026-05-04,2026-05-11,7,2026,Q2 2026,May 2026,North,Young Professionals,69848,3405,4.87,1437,658,19.32,45.79,7232.66,26142.63,261.45,3.61,2.12,103.55,10.99,10.99,5.03,False,None
CMP-2025-057,Google_SeasonalSale_EnterpriseDecisionMakers_So,Seasonal Sale,Google,2025-08-14,2025-09-21,38,2025,Q3 2025,Aug 2025,South,Enterprise Decision Makers,56675,1779,3.14,489,168,9.44,34.36,89479.5,181479.95,102.82,2.03,50.3,1578.82,532.62,532.62,182.98,False,None
CMP-2025-058,Facebook_SeasonalSale_WorkingParents_Ea,Seasonal Sale,Facebook,2026-04-24,2026-05-09,15,2026,Q2 2026,Apr 2026,East,Working Parents,691365,7972,1.15,1431,279,3.5,19.5,86424.22,146259.58,69.23,1.69,10.84,125.01,309.76,309.76,60.39,False,None
CMP-2025-059,Google_Retargeting_Students_So,Retargeting,Google,2026-04-18,2026-05-06,18,2026,Q2 2026,Apr 2026,South,Students,98681,3078,3.12,882,297,9.65,33.67,82387.98,189437.77,129.93,2.3,26.77,834.89,277.4,277.4,93.41,False,None
CMP-2025-060,Google_LeadGeneration_WorkingParents_Ea,Lead Generation,Google,2026-03-08,2026-03-31,23,2026,Q1 2026,Mar 2026,East,Working Parents,222275,5589,2.51,1751,528,9.45,30.15,93788.35,157035.7,67.44,1.67,16.78,421.95,177.63,177.63,53.56,False,None
CMP-2025-061,Instagram_BrandAwareness_WorkingParents_Ea,Brand Awareness,Instagram,2025-02-11,2025-02-19,8,2025,Q1 2025,Feb 2025,East,Young Professionals,132839,1036,0.78,119,36,3.47,30.25,47926.48,88382.47,84.41,1.84,46.26,360.79,1331.29,1331.29,402.74,False,None
CMP-2025-062,Facebook_SeasonalSale_Students_So,Seasonal Sale,Facebook,2025-08-12,2025-09-17,36,2025,Q3 2025,Aug 2025,South,Students,225707,2632,1.17,499,100,3.8,20.04,113193.28,78544.9,-30.61,0.69,43.01,501.51,1131.93,1131.93,226.84,False,None
CMP-2025-063,Email_Retargeting_YoungProfessionals_So,Retargeting,Email,2025-11-15,2025-11-28,13,2025,Q4 2025,Nov 2025,South,Young Professionals,91216,4492,4.92,1544,831,18.5,53.82,15111.09,57155.95,278.24,3.78,3.36,165.66,18.18,18.18,9.79,False,None
CMP-2025-064,LinkedIn_BrandAwareness_SmallBusinessOwners_No,Brand Awareness,LinkedIn,2025-09-06,2025-09-19,13,2025,Q3 2025,Sep 2025,North,Small Business Owners,63845,590,0.92,146,36,6.1,24.66,97776.97,86074.54,-11.97,0.88,165.72,1531.47,2716.03,2716.03,669.71,False,None
CMP-2025-065,Instagram_SeasonalSale_ReturningCustomers_Ea,Seasonal Sale,Instagram,2026-06-30,2026-08-03,34,2026,Q2 2026,Jun 2026,East,Returning Customers,527952,3488,0.66,525,141,4.04,26.86,32930.02,53268.51,61.76,1.62,9.44,62.37,233.55,233.55,62.72,False,None
CMP-2025-066,Google_BrandAwareness_EnterpriseDecisionMakers_No,Brand Awareness,Google,2026-01-06,2026-02-11,36,2026,Q1 2026,Jan 2026,North,Enterprise Decision Makers,218772,9897,4.52,2156,940,9.5,43.6,89435.89,247106.05,176.29,2.76,9.04,408.81,95.14,95.14,41.48,False,None
CMP-2025-067,Email_SeasonalSale_ReturningCustomers_Ce,Seasonal Sale,Email,2026-05-11,2026-06-16,36,2026,Q2 2026,May 2026,Central,Returning Customers,55865,2656,4.75,1119,411,15.47,36.73,12637.83,45159.91,257.34,3.57,4.76,226.22,30.75,30.75,11.29,False,None
CMP-2025-068,Facebook_LeadGeneration_WorkingParents_No,Lead Generation,Facebook,2025-09-07,2025-10-13,36,2025,Q3 2025,Sep 2025,North-East,Working Parents,331929,3552,1.07,548,132,3.72,24.09,101841.67,153471.63,50.7,1.51,28.67,306.82,771.53,771.53,185.84,False,None
CMP-2025-069,Google_LeadGeneration_Students_So,Lead Generation,Google,2025-09-22,2025-10-20,28,2025,Q3 2025,Sep 2025,South,Students,252424,9145,3.62,2308,678,7.41,29.38,109519.38,645527.51,489.42,5.89,11.98,433.87,161.53,161.53,47.45,False,None
CMP-2025-070,Google_SeasonalSale_ReturningCustomers_Ea,Seasonal Sale,Google,2026-02-21,2026-03-31,38,2026,Q1 2026,Feb 2026,East,Returning Customers,159501,6326,3.97,1536,390,6.17,25.39,65040.49,123520.05,89.91,1.9,10.28,407.77,166.77,166.77,42.34,False,None
CMP-2025-071,Instagram_BrandAwareness_ReturningCustomers_Ea,Brand Awareness,Instagram,2026-02-19,2026-03-13,22,2026,Q1 2026,Feb 2026,East,Young Professionals,418154,4605,1.1,696,219,4.76,31.47,91878.89,130328.38,41.85,1.42,19.95,219.73,419.54,419.54,132.01,False,None
CMP-2025-072,Facebook_BrandAwareness_Students_Ce,Brand Awareness,Facebook,2026-04-10,2026-05-04,24,2026,Q2 2026,Apr 2026,Central,Students,574409,5274,0.92,998,350,6.64,35.07,51511.87,92806.68,80.17,1.8,9.77,89.68,147.18,147.18,51.62,False,None
CMP-2025-073,LinkedIn_BrandAwareness_SmallBusinessOwners_So,Brand Awareness,LinkedIn,2025-07-16,2025-08-05,20,2025,Q3 2025,Jul 2025,South,Small Business Owners,57502,514,0.89,111,35,6.81,31.53,93387.43,182505.32,95.43,1.95,181.69,1624.07,2668.21,2668.21,841.33,False,None
CMP-2025-074,Facebook_Retargeting_WorkingParents_No,Retargeting,Facebook,2025-10-31,2025-11-21,21,2025,Q4 2025,Oct 2025,North,Students,566051,4288,0.76,452,86,2.01,19.03,59760.77,121152.04,102.73,2.03,13.94,105.57,694.89,694.89,132.21,False,None
CMP-2025-075,Instagram_BrandAwareness_WorkingParents_So,Brand Awareness,Instagram,2025-05-10,2025-06-17,38,2025,Q2 2025,May 2025,South,Working Parents,299133,3162,1.06,445,157,4.97,35.28,26410.52,34072.8,29.01,1.29,8.35,88.29,168.22,168.22,59.35,False,None
CMP-2025-076,Email_Retargeting_YoungProfessionals_We,Retargeting,Email,2026-05-05,2026-05-19,14,2026,Q2 2026,May 2026,West,Young Professionals,33519,1370,4.09,531,150,10.95,28.25,8508.84,27741.72,226.03,3.26,6.21,253.85,56.73,56.73,16.02,False,None
CMP-2025-077,Email_Newsletter_YoungProfessionals_No,Newsletter,Email,2025-11-08,2025-11-20,12,2025,Q4 2025,Nov 2025,North,Young Professionals,112910,4538,4.02,1881,743,16.37,39.5,4980.64,24918.78,400.31,5.0,1.1,44.11,6.7,6.7,2.65,False,None
CMP-2025-078,Instagram_BrandAwareness_YoungProfessionals_No,Brand Awareness,Instagram,2026-04-07,2026-05-12,35,2026,Q2 2026,Apr 2026,North,Young Professionals,390162,4422,1.13,474,167,3.78,35.23,92680.39,108431.59,17.0,1.17,20.96,237.54,554.97,554.97,195.53,False,None
CMP-2025-079,YouTube_ProductLaunch_Students_No,Product Launch,YouTube,2025-08-01,2025-08-21,20,2025,Q3 2025,Aug 2025,North,Students,917737,4115,0.45,305,39,0.95,12.79,70019.68,424111.01,505.7,6.06,17.02,76.3,1795.38,1795.38,229.57,False,None
CMP-2025-080,Google_Retargeting_ReturningCustomers_Ea,Retargeting,Google,2026-04-27,2026-05-22,25,2026,Q2 2026,Apr 2026,East,Returning Customers,115025,4936,4.29,938,285,5.77,30.38,71013.11,121150.99,70.6,1.71,14.39,617.37,249.17,249.17,75.71,False,None
CMP-2025-081,Facebook_Retargeting_ReturningCustomers_No,Retargeting,Facebook,2025-07-22,2025-08-25,34,2025,Q3 2025,Jul 2025,North,Returning Customers,213863,1873,0.88,219,42,2.24,19.18,50853.09,94096.13,85.04,1.85,27.15,237.78,1210.79,1210.79,232.21,False,None
CMP-2025-082,Instagram_BrandAwareness_YoungProfessionals_No,Brand Awareness,Instagram,2026-08-06,2026-08-31,25,2026,Q3 2026,Aug 2026,North,Young Professionals,311577,3091,0.99,410,114,3.69,27.8,78900.27,151720.91,92.29,1.92,25.53,253.23,692.11,692.11,192.44,False,None
CMP-2025-083,Facebook_Retargeting_ReturningCustomers_We,Retargeting,Facebook,2025-02-10,2025-03-16,34,2025,Q1 2025,Feb 2025,West,Returning Customers,136294,1151,0.84,208,70,6.08,33.65,94427.07,59953.68,-36.51,0.63,82.04,692.82,1348.96,1348.96,453.98,False,None
CMP-2025-084,YouTube_BrandAwareness_Students_No,Brand Awareness,YouTube,2025-01-22,2025-02-15,24,2025,Q1 2025,Jan 2025,North,Students,791621,3432,0.43,343,39,1.14,11.37,196175.17,229985.8,17.23,1.17,57.16,247.81,5030.13,5030.13,571.94,False,None
CMP-2025-085,Facebook_SeasonalSale_Students_No,Seasonal Sale,Facebook,2026-03-23,2026-04-30,38,2026,Q1 2026,Mar 2026,North,Students,377259,3736,0.99,392,82,2.19,20.92,79051.2,131963.82,66.93,1.67,21.16,209.54,964.04,964.04,201.66,False,None
CMP-2025-086,Google_BrandAwareness_Students_Ea,Brand Awareness,Google,2026-05-23,2026-06-17,25,2026,Q2 2026,May 2026,East,Students,224914,5580,2.48,1073,331,5.93,30.85,3180000.0,144055.0,-95.47,0.05,569.89,14138.74,9607.25,9607.25,2963.65,True,"Marketing Spend ₹3,180,000 exceeds upper IQR bound ₹239,606"
CMP-2025-087,Google_BrandAwareness_YoungProfessionals_No,Brand Awareness,Google,2026-02-18,2026-03-29,39,2026,Q1 2026,Feb 2026,North,Young Professionals,249954,8539,3.42,1602,592,6.93,36.95,35143.88,85381.61,142.95,2.43,4.12,140.6,59.36,59.36,21.94,False,None
CMP-2025-088,Google_LeadGeneration_EnterpriseDecisionMakers_No,Lead Generation,Google,2026-05-26,2026-06-30,35,2026,Q2 2026,May 2026,North,Enterprise Decision Makers,176320,7830,4.44,1890,776,9.91,41.06,60444.78,104377.14,72.68,1.73,7.72,342.81,77.89,77.89,31.98,False,None
CMP-2025-089,YouTube_ProductLaunch_WorkingParents_So,Product Launch,YouTube,2025-09-03,2025-09-20,17,2025,Q3 2025,Sep 2025,South,Working Parents,1245581,3751,0.3,509,48,1.28,9.43,57529.78,51226.37,-10.96,0.89,15.34,46.19,1198.54,1198.54,113.03,False,None
CMP-2025-090,LinkedIn_LeadGeneration_EnterpriseDecisionMakers_No,Lead Generation,LinkedIn,2025-06-07,2025-07-15,38,2025,Q2 2025,Jun 2025,North,Enterprise Decision Makers,65262,437,0.67,86,20,4.58,23.26,96075.77,143182.59,49.03,1.49,219.85,1472.15,4803.79,4803.79,1117.16,False,None
CMP-2025-091,Google_LeadGeneration_SmallBusinessOwners_No,Lead Generation,Google,2025-05-29,2025-06-29,31,2025,Q2 2025,May 2025,North,Small Business Owners,221647,5985,2.7,1136,486,8.12,42.78,109922.2,272771.78,148.15,2.48,18.37,495.93,226.18,226.18,96.76,False,None
CMP-2025-092,Google_Retargeting_SmallBusinessOwners_No,Retargeting,Google,2025-12-15,2026-01-23,39,2025,Q4 2025,Dec 2025,North,Small Business Owners,216991,9206,4.24,2405,966,10.49,40.17,35320.66,89257.33,152.71,2.53,3.84,162.77,36.56,36.56,14.69,False,None
CMP-2025-093,Google_Retargeting_EnterpriseDecisionMakers_So,Retargeting,Google,2026-04-03,2026-05-14,41,2026,Q2 2026,Apr 2026,South,Enterprise Decision Makers,225460,7282,3.23,2262,1018,13.98,45.0,76554.99,211908.39,176.81,2.77,10.51,339.55,75.2,75.2,33.84,False,None
CMP-2025-094,Google_LeadGeneration_YoungProfessionals_Ea,Lead Generation,Google,2025-09-02,2025-10-15,43,2025,Q3 2025,Sep 2025,East,Young Professionals,144478,4479,3.1,1103,507,11.32,45.97,142001.62,278072.34,95.82,1.96,31.7,982.86,280.08,280.08,128.74,False,None
CMP-2025-095,Instagram_BrandAwareness_WorkingParents_No,Brand Awareness,Instagram,2025-06-05,2025-07-13,38,2025,Q2 2025,Jun 2025,North,Working Parents,728172,6788,0.93,761,253,3.73,33.25,39518.32,51359.96,29.96,1.3,5.82,54.27,156.2,156.2,51.93,False,None
CMP-2025-096,YouTube_BrandAwareness_YoungProfessionals_Ea,Brand Awareness,YouTube,2026-04-13,2026-04-20,7,2026,Q2 2026,Apr 2026,East,Young Professionals,1726823,4653,0.27,476,93,2.0,19.54,130846.04,74951.68,-42.72,0.57,28.12,75.77,1406.95,1406.95,274.89,False,None
CMP-2025-097,Instagram_LeadGeneration_Students_No,Lead Generation,Instagram,2026-02-12,2026-02-24,12,2026,Q1 2026,Feb 2026,North,Students,661385,6435,0.97,888,275,4.27,30.97,123019.25,251484.29,104.43,2.04,19.12,186.0,447.34,447.34,138.54,False,None
CMP-2025-098,Instagram_LeadGeneration_ReturningCustomers_Ea,Lead Generation,Instagram,2026-07-09,2026-07-18,9,2026,Q3 2026,Jul 2026,East,Returning Customers,551171,5691,1.03,627,123,2.16,19.62,51998.58,76812.12,47.72,1.48,9.14,94.34,422.75,422.75,82.93,False,None
CMP-2025-099,Instagram_BrandAwareness_YoungProfessionals_Ea,Brand Awareness,Instagram,2025-04-13,2025-05-18,35,2025,Q2 2025,Apr 2025,East,Young Professionals,138236,1280,0.93,137,33,2.58,24.09,59438.6,88548.41,48.97,1.49,46.44,429.98,1801.17,1801.17,433.86,False,None
CMP-2025-100,YouTube_BrandAwareness_YoungProfessionals_Ea,Brand Awareness,YouTube,2025-09-08,2025-10-18,40,2025,Q3 2025,Sep 2025,East,Young Professionals,801110,2233,0.28,256,32,1.43,12.5,181133.07,107800.48,-40.49,0.6,81.12,226.1,5660.41,5660.41,707.55,False,None
CMP-2025-101,Google_LeadGeneration_SmallBusinessOwners_No,Lead Generation,Google,2026-05-25,2026-07-08,44,2026,Q2 2026,May 2026,North,Small Business Owners,108414,3211,2.96,582,253,7.88,43.47,92643.74,233371.65,151.9,2.52,28.85,854.54,366.18,366.18,159.18,False,None
CMP-2025-102,Google_LeadGeneration_WorkingParents_So,Lead Generation,Google,2026-07-14,2026-07-31,17,2026,Q3 2026,Jul 2026,South,Working Parents,277159,8476,3.06,2667,1090,12.86,40.87,153154.45,298822.86,95.11,1.95,18.07,552.59,140.51,140.51,57.43,False,None
CMP-2025-103,LinkedIn_LeadGeneration_SmallBusinessOwners_So,Lead Generation,LinkedIn,2025-10-31,2025-11-25,25,2025,Q4 2025,Oct 2025,South,Small Business Owners,25145,163,0.65,29,6,3.68,20.69,194333.71,547939.23,181.96,2.82,1192.23,7728.52,32388.95,32388.95,6701.16,False,None
CMP-2025-104,Facebook_SeasonalSale_Students_Ea,Seasonal Sale,Facebook,2025-01-23,2025-02-24,32,2025,Q1 2025,Jan 2025,East,Students,552053,7083,1.28,750,217,3.06,28.93,90081.84,176663.61,96.11,1.96,12.72,163.18,415.12,415.12,120.11,False,None
CMP-2025-105,Instagram_LeadGeneration_ReturningCustomers_So,Lead Generation,Instagram,2025-10-21,2025-11-11,21,2025,Q4 2025,Oct 2025,South,Returning Customers,521069,6137,1.18,1113,345,5.62,31.0,65516.91,96781.35,47.72,1.48,10.68,125.74,189.9,189.9,58.87,False,None
CMP-2025-106,YouTube_BrandAwareness_YoungProfessionals_We,Brand Awareness,YouTube,2025-05-21,2025-06-03,13,2025,Q2 2025,May 2025,North,Young Professionals,1052419,4193,0.4,470,79,1.88,16.81,174573.01,1172152.66,571.44,6.71,41.63,165.88,2209.78,2209.78,371.43,False,None
CMP-2025-107,Email_ProductLaunch_YoungProfessionals_No,Product Launch,Email,2025-10-30,2025-11-26,27,2025,Q4 2025,Oct 2025,North,Young Professionals,40198,1535,3.82,683,312,20.33,45.68,5695.5,32566.81,471.8,5.72,3.71,141.69,18.25,18.25,8.34,False,None
CMP-2025-108,Instagram_LeadGeneration_ReturningCustomers_We,Lead Generation,Instagram,2025-06-18,2025-07-11,23,2025,Q2 2025,Jun 2025,West,Returning Customers,729451,6571,0.9,1343,436,6.64,32.46,133581.6,230049.65,72.22,1.72,20.33,183.13,306.38,306.38,99.47,False,None
CMP-2025-109,Facebook_Retargeting_YoungProfessionals_No,Retargeting,Facebook,2025-03-19,2025-04-04,16,2025,Q1 2025,Mar 2025,North,Young Professionals,546083,6680,1.22,987,328,4.91,33.23,50945.69,90016.37,76.69,1.77,7.63,93.29,155.32,155.32,51.62,False,None
CMP-2025-110,Facebook_SeasonalSale_ReturningCustomers_We,Seasonal Sale,Facebook,2025-04-03,2025-05-05,32,2025,Q2 2025,Apr 2025,West,Returning Customers,406515,4967,1.22,897,256,5.15,28.54,86705.82,160297.44,84.88,1.85,17.46,213.29,338.69,338.69,96.66,False,None
CMP-2026-111,Facebook_LeadGeneration_YoungProfessionals_No,Lead Generation,Facebook,2026-01-16,2026-01-29,13,2026,Q1 2026,Jan 2026,North,Young Professionals,510314,7408,1.45,1032,299,4.04,28.97,79219.84,179650.25,126.77,2.27,10.69,155.24,264.95,264.95,76.76,False,None
CMP-2026-112,YouTube_ProductLaunch_YoungProfessionals_So,Product Launch,YouTube,2026-04-21,2026-05-17,26,2026,Q2 2026,Apr 2026,South,Young Professionals,538426,1167,0.22,175,16,1.37,9.14,76585.05,38491.75,-49.74,0.5,65.63,142.24,4786.57,4786.57,437.63,False,None
CMP-2026-113,YouTube_SeasonalSale_WorkingParents_So,Seasonal Sale,YouTube,2026-07-05,2026-07-20,15,2026,Q3 2026,Jul 2026,South,Working Parents,2301292,11815,0.51,1283,193,1.63,15.04,123637.13,95442.46,-22.8,0.77,10.46,53.73,640.61,640.61,96.37,False,None
CMP-2026-114,Google_LeadGeneration_SmallBusinessOwners_So,Lead Generation,Google,2026-03-01,2026-03-14,13,2026,Q1 2026,Mar 2026,South,Small Business Owners,265982,8020,3.02,2219,666,8.3,30.01,111956.53,245079.17,118.91,2.19,13.96,420.92,168.1,168.1,50.45,False,None
CMP-2026-115,LinkedIn_BrandAwareness_SmallBusinessOwners_We,Brand Awareness,LinkedIn,2025-08-30,2025-09-29,30,2025,Q3 2025,Aug 2025,West,Small Business Owners,54479,564,1.04,100,22,3.9,22.0,164994.05,201187.76,21.94,1.22,292.54,3028.58,7499.73,7499.73,1649.94,False,None
CMP-2026-116,Google_SeasonalSale_ReturningCustomers_Ea,Seasonal Sale,Google,2025-05-06,2025-06-11,36,2025,Q2 2025,May 2025,East,Returning Customers,197083,6489,3.29,1673,547,8.43,32.7,61513.23,411491.59,568.95,6.69,9.48,312.12,112.46,112.46,36.77,False,None
CMP-2026-117,Instagram_LeadGeneration_WorkingParents_Ea,Lead Generation,Instagram,2026-08-02,2026-08-22,20,2026,Q3 2026,Aug 2026,East,Working Parents,250509,2088,0.83,427,102,4.89,23.89,112993.1,165495.02,46.46,1.46,54.12,451.05,1107.78,1107.78,264.62,False,None
CMP-2026-118,YouTube_ProductLaunch_Students_Ea,Product Launch,YouTube,2025-01-03,2025-01-27,24,2025,Q1 2025,Jan 2025,East,Students,703484,2200,0.31,167,27,1.23,16.17,81767.28,38213.64,-53.27,0.47,37.17,116.23,3028.42,3028.42,489.62,False,None
CMP-2026-119,Google_LeadGeneration_EnterpriseDecisionMakers_No,Lead Generation,Google,2025-01-16,2025-02-14,29,2025,Q1 2025,Jan 2025,North,Enterprise Decision Makers,124467,3464,2.78,649,273,7.88,42.06,64741.45,179352.35,177.03,2.77,18.69,520.15,237.15,237.15,99.76,False,None
CMP-2026-120,Facebook_LeadGeneration_Students_No,Lead Generation,Facebook,2025-03-07,2025-04-13,37,2025,Q1 2025,Mar 2025,North,Students,494009,5109,1.03,647,188,3.68,29.06,66634.48,125555.57,88.42,1.88,13.04,134.89,354.44,354.44,102.99,False,None
CMP-2026-121,Google_BrandAwareness_EnterpriseDecisionMakers_So,Brand Awareness,Google,2026-06-18,2026-07-14,26,2026,Q2 2026,Jun 2026,South,Enterprise Decision Makers,63989,2210,3.45,522,213,9.64,40.8,155503.27,330133.61,112.3,2.12,70.36,2430.16,730.06,730.06,297.9,False,None
CMP-2026-122,Email_ProductLaunch_ReturningCustomers_Ea,Product Launch,Email,2026-03-31,2026-04-11,11,2026,Q1 2026,Mar 2026,East,Returning Customers,42058,1084,2.58,419,196,18.08,46.78,7526.4,26739.62,255.28,3.55,6.94,178.95,38.4,38.4,17.96,False,None
CMP-2026-123,Facebook_Retargeting_WorkingParents_We,Retargeting,Facebook,2026-01-26,2026-03-12,45,2026,Q1 2026,Jan 2026,West,Working Parents,501418,3682,0.73,678,226,6.14,33.33,77177.27,43941.32,-43.06,0.57,20.96,153.92,341.49,341.49,113.83,False,None
CMP-2026-124,Instagram_SeasonalSale_Students_So,Seasonal Sale,Instagram,2026-07-19,2026-08-08,20,2026,Q3 2026,Jul 2026,South,Students,380702,5152,1.35,762,237,4.6,31.1,127130.47,181497.66,42.76,1.43,24.68,333.94,536.42,536.42,166.84,False,None
CMP-2026-125,Facebook_BrandAwareness_Students_So,Brand Awareness,Facebook,2025-11-17,2025-12-10,23,2025,Q4 2025,Nov 2025,South,Students,701480,4960,0.71,766,195,3.93,25.46,42553.48,73451.93,72.61,1.73,8.58,60.66,218.22,218.22,55.55,False,None
CMP-2026-126,Google_LeadGeneration_EnterpriseDecisionMakers_We,Lead Generation,Google,2026-01-17,2026-02-01,15,2026,Q1 2026,Jan 2026,West,Enterprise Decision Makers,179164,5599,3.13,1104,366,6.54,33.15,108308.14,315940.46,191.71,2.92,19.34,604.52,295.92,295.92,98.11,False,None
CMP-2026-127,LinkedIn_BrandAwareness_EnterpriseDecisionMakers_So,Brand Awareness,LinkedIn,2026-03-10,2026-03-20,10,2026,Q1 2026,Mar 2026,South,Enterprise Decision Makers,41560,322,0.77,50,13,4.04,26.0,150071.77,176082.34,17.33,1.17,466.06,3610.97,11543.98,11543.98,3001.44,False,None
CMP-2026-128,Instagram_BrandAwareness_YoungProfessionals_No,Brand Awareness,Instagram,2025-04-21,2025-05-20,29,2025,Q2 2025,Apr 2025,North,Young Professionals,600441,6833,1.14,1345,447,6.54,33.23,67269.52,99370.3,47.72,1.48,9.84,112.03,150.49,150.49,50.01,False,None
CMP-2026-129,YouTube_BrandAwareness_YoungProfessionals_No,Brand Awareness,YouTube,2026-07-25,2026-08-02,8,2026,Q3 2026,Jul 2026,North,Young Professionals,1802268,3839,0.21,325,56,1.46,17.23,176698.78,162327.65,-8.13,0.92,46.03,98.04,3155.34,3155.34,543.69,False,None
CMP-2026-130,Email_Retargeting_SmallBusinessOwners_Ce,Retargeting,Email,2025-12-26,2026-01-02,7,2025,Q4 2025,Dec 2025,Central,Small Business Owners,100594,2423,2.41,984,536,22.12,54.47,5290.64,11783.22,122.72,2.23,2.18,52.59,9.87,9.87,5.38,False,None
CMP-2026-131,Facebook_Retargeting_YoungProfessionals_So,Retargeting,Facebook,2026-06-28,2026-07-18,20,2026,Q2 2026,Jun 2026,South,Young Professionals,219167,2005,0.91,279,97,4.84,34.77,77169.27,132813.31,72.11,1.72,38.49,352.1,795.56,795.56,276.59,False,None
CMP-2026-132,Instagram_Retargeting_WorkingParents_No,Retargeting,Instagram,2025-02-23,2025-03-11,16,2025,Q1 2025,Feb 2025,North-East,Working Parents,544600,4799,0.88,861,230,4.79,26.71,96051.39,144009.78,49.93,1.5,20.01,176.37,417.61,417.61,111.56,False,None
CMP-2026-133,LinkedIn_LeadGeneration_SmallBusinessOwners_Ce,Lead Generation,LinkedIn,2025-10-07,2025-10-27,20,2025,Q4 2025,Oct 2025,Central,Small Business Owners,46804,273,0.58,62,14,5.13,22.58,64918.06,169306.14,160.8,2.61,237.8,1387.02,4637.0,4637.0,1047.07,False,None
CMP-2026-134,YouTube_BrandAwareness_Students_So,Brand Awareness,YouTube,2025-02-16,2025-03-09,21,2025,Q1 2025,Feb 2025,South,Students,464989,1561,0.34,123,12,0.77,9.76,165875.12,82087.83,-50.51,0.49,106.26,356.73,13822.93,13822.93,1348.58,False,None
CMP-2026-135,Instagram_BrandAwareness_ReturningCustomers_Ea,Brand Awareness,Instagram,2025-12-02,2025-12-16,14,2025,Q4 2025,Dec 2025,East,Returning Customers,230687,2245,0.97,414,112,4.99,27.05,110906.62,79888.01,-27.97,0.72,49.4,480.77,990.24,990.24,267.89,False,None
CMP-2026-136,Facebook_BrandAwareness_ReturningCustomers_No,Brand Awareness,Facebook,2025-12-29,2026-01-09,11,2025,Q4 2025,Dec 2025,North,Returning Customers,394818,4109,1.04,449,106,2.58,23.61,110334.75,170612.89,54.63,1.55,26.85,279.46,1040.89,1040.89,245.73,False,None
CMP-2026-137,YouTube_SeasonalSale_Students_No,Seasonal Sale,YouTube,2026-02-19,2026-03-24,33,2026,Q1 2026,Feb 2026,North,Students,2334089,6473,0.28,940,127,1.96,13.51,129930.98,95894.81,-26.2,0.74,20.07,55.67,1023.08,1023.08,138.22,False,None
CMP-2026-138,Facebook_SeasonalSale_YoungProfessionals_Ea,Seasonal Sale,Facebook,2026-01-06,2026-01-18,12,2026,Q1 2026,Jan 2026,East,Young Professionals,394476,3907,0.99,428,144,3.69,33.64,37174.26,86773.69,133.42,2.33,9.51,94.24,258.15,258.15,86.86,False,None
CMP-2026-139,Google_BrandAwareness_EnterpriseDecisionMakers_No,Brand Awareness,Google,2025-08-15,2025-09-12,28,2025,Q3 2025,Aug 2025,North-East,Enterprise Decision Makers,195641,6979,3.57,1446,620,8.88,42.88,44547.42,110412.45,147.85,2.48,6.38,227.7,71.85,71.85,30.81,False,None
CMP-2026-140,Facebook_SeasonalSale_YoungProfessionals_So,Seasonal Sale,Facebook,2025-06-01,2025-06-23,22,2025,Q2 2025,Jun 2025,South,Young Professionals,229304,1788,0.78,342,66,3.69,19.3,54436.35,109417.8,101.0,2.01,30.45,237.4,824.79,824.79,159.17,False,None
CMP-2026-141,YouTube_SeasonalSale_YoungProfessionals_No,Seasonal Sale,YouTube,2026-05-21,2026-06-26,36,2026,Q2 2026,May 2026,North,Young Professionals,1325365,8163,0.62,904,141,1.73,15.6,195577.27,147507.72,-24.58,0.75,23.96,147.56,1387.07,1387.07,216.35,False,None
CMP-2026-142,Facebook_Retargeting_Students_No,Retargeting,Facebook,2025-11-20,2025-12-06,16,2025,Q4 2025,Nov 2025,North-East,Students,517772,6870,1.33,1175,286,4.16,24.34,78925.92,34235.85,-56.62,0.43,11.49,152.43,275.96,275.96,67.17,False,None
CMP-2026-143,Google_SeasonalSale_Students_No,Seasonal Sale,Google,2026-04-18,2026-05-23,35,2026,Q2 2026,Apr 2026,North-East,Students,116027,4430,3.82,1404,380,8.58,27.07,81092.2,170633.58,110.42,2.1,18.31,698.91,213.4,213.4,57.76,False,None
CMP-2026-144,Email_SeasonalSale_YoungProfessionals_No,Seasonal Sale,Email,2026-01-29,2026-03-06,36,2026,Q1 2026,Jan 2026,North,Young Professionals,109975,2555,2.32,1110,515,20.16,46.4,15427.89,47735.24,209.41,3.09,6.04,140.29,29.96,29.96,13.9,False,None
CMP-2026-145,Google_LeadGeneration_ReturningCustomers_Ea,Lead Generation,Google,2026-05-03,2026-06-11,39,2026,Q2 2026,May 2026,East,Returning Customers,73805,3231,4.38,737,305,9.44,41.38,42734.21,86984.61,103.55,2.04,13.23,579.02,140.11,140.11,57.98,False,None
CMP-2026-146,Instagram_Retargeting_WorkingParents_Ea,Retargeting,Instagram,2025-06-26,2025-07-05,9,2025,Q2 2025,Jun 2025,East,Working Parents,396835,4343,1.09,517,128,2.95,24.76,75342.2,102030.38,35.42,1.35,17.35,189.86,588.61,588.61,145.73,False,None
CMP-2026-147,LinkedIn_ProductLaunch_SmallBusinessOwners_No,Product Launch,LinkedIn,2026-02-23,2026-03-23,28,2026,Q1 2026,Feb 2026,North,Small Business Owners,60269,372,0.62,64,16,4.3,25.0,54163.97,72569.79,33.98,1.34,145.6,898.7,3385.25,3385.25,846.31,False,None
CMP-2026-148,Instagram_BrandAwareness_WorkingParents_No,Brand Awareness,Instagram,2025-09-16,2025-10-31,45,2025,Q3 2025,Sep 2025,North,Working Parents,487125,3752,0.77,533,189,5.04,35.46,63336.63,125401.04,97.99,1.98,16.88,130.02,335.11,335.11,118.83,False,None
CMP-2026-149,Google_Retargeting_YoungProfessionals_So,Retargeting,Google,2026-02-06,2026-02-21,15,2026,Q1 2026,Feb 2026,South,Young Professionals,121203,3913,3.23,1138,497,12.7,43.67,152250.27,895237.4,488.0,5.88,38.91,1256.16,306.34,306.34,133.79,False,None
CMP-2026-150,Google_SeasonalSale_YoungProfessionals_So,Seasonal Sale,Google,2026-06-24,2026-07-06,12,2026,Q2 2026,Jun 2026,South,Young Professionals,133220,4260,3.2,874,262,6.15,29.98,87925.8,245822.81,179.58,2.8,20.64,660.0,335.59,335.59,100.6,False,None
CMP-2026-151,Email_Newsletter_ReturningCustomers_Ea,Newsletter,Email,2026-05-13,2026-06-01,19,2026,Q2 2026,May 2026,East,Returning Customers,33873,1603,4.73,476,240,14.97,50.42,5219.57,17649.83,238.15,3.38,3.26,154.09,21.75,21.75,10.97,False,None
CMP-2026-152,Instagram_LeadGeneration_YoungProfessionals_Ea,Lead Generation,Instagram,2026-06-24,2026-07-03,9,2026,Q2 2026,Jun 2026,East,Young Professionals,509359,5897,1.16,699,149,2.53,21.32,125785.17,240296.91,91.04,1.91,21.33,246.95,844.2,844.2,179.95,False,None
CMP-2026-153,Instagram_SeasonalSale_YoungProfessionals_Ea,Seasonal Sale,Instagram,2025-06-19,2025-07-24,35,2025,Q2 2025,Jun 2025,East,Young Professionals,573338,8452,1.47,1464,462,5.47,31.56,66894.43,121675.83,81.89,1.82,7.91,116.68,144.79,144.79,45.69,False,None
CMP-2026-154,LinkedIn_LeadGeneration_EnterpriseDecisionMakers_No,Lead Generation,LinkedIn,2025-08-28,2025-10-08,41,2025,Q3 2025,Aug 2025,North,Enterprise Decision Makers,70552,697,0.99,105,24,3.44,22.86,213979.41,391171.55,82.81,1.83,307.0,3032.93,8915.81,8915.81,2037.9,False,None
CMP-2026-155,Facebook_SeasonalSale_Students_Ea,Seasonal Sale,Facebook,2026-03-28,2026-05-03,36,2026,Q1 2026,Mar 2026,East,Students,436831,4394,1.01,525,113,2.57,21.52,114484.26,210791.26,84.12,1.84,26.05,262.08,1013.14,1013.14,218.07,False,None
CMP-2026-156,Google_Retargeting_Students_So,Retargeting,Google,2025-09-14,2025-09-24,10,2025,Q3 2025,Sep 2025,South,Students,177544,4662,2.63,1391,620,13.3,44.57,144264.62,51996.52,-63.96,0.36,30.94,812.56,232.68,232.68,103.71,False,None
CMP-2026-157,Email_Newsletter_SmallBusinessOwners_So,Newsletter,Email,2025-06-14,2025-07-08,24,2025,Q2 2025,Jun 2025,South,Small Business Owners,120570,2984,2.47,1157,666,22.32,57.56,9916.91,35562.94,258.61,3.59,3.32,82.25,14.89,14.89,8.57,False,None
CMP-2026-158,LinkedIn_BrandAwareness_EnterpriseDecisionMakers_We,Brand Awareness,LinkedIn,2025-01-28,2025-03-02,33,2025,Q1 2025,Jan 2025,North,Enterprise Decision Makers,33797,354,1.05,64,10,2.82,15.62,132851.25,309230.18,132.76,2.33,375.29,3930.86,13285.12,13285.12,2075.8,False,None
CMP-2026-159,LinkedIn_LeadGeneration_EnterpriseDecisionMakers_Ea,Lead Generation,LinkedIn,2025-12-10,2025-12-26,16,2025,Q4 2025,Dec 2025,East,Enterprise Decision Makers,73594,627,0.85,89,24,3.83,26.97,95203.89,124048.71,30.3,1.3,151.84,1293.64,3966.83,3966.83,1069.71,False,None
CMP-2026-160,Facebook_BrandAwareness_WorkingParents_No,Brand Awareness,Facebook,2025-01-06,2025-01-18,12,2025,Q1 2025,Jan 2025,North,Working Parents,214197,3104,1.45,479,138,4.45,28.81,49800.3,112171.58,125.24,2.25,16.04,232.5,360.87,360.87,103.97,False,None
CMP-2026-161,Google_LeadGeneration_WorkingParents_No,Lead Generation,Google,2025-09-01,2025-09-27,26,2025,Q3 2025,Sep 2025,North,Working Parents,196958,7426,3.77,1402,620,8.35,44.22,64804.94,130887.01,101.97,2.02,8.73,329.03,104.52,104.52,46.22,False,None
CMP-2026-162,LinkedIn_LeadGeneration_EnterpriseDecisionMakers_Ce,Lead Generation,LinkedIn,2026-07-03,2026-07-11,8,2026,Q3 2026,Jul 2026,Central,Enterprise Decision Makers,66142,390,0.59,47,10,2.56,21.28,145633.31,229287.39,57.44,1.57,373.42,2201.83,14563.33,14563.33,3098.58,False,None
CMP-2026-163,Instagram_Retargeting_Students_Ea,Retargeting,Instagram,2025-07-11,2025-07-23,12,2025,Q3 2025,Jul 2025,East,Students,720644,8017,1.11,1558,423,5.28,27.15,66469.43,74883.47,12.66,1.13,8.29,92.24,157.14,157.14,42.66,False,None
CMP-2026-164,Google_Retargeting_YoungProfessionals_No,Retargeting,Google,2026-04-27,2026-05-06,9,2026,Q2 2026,Apr 2026,North,Young Professionals,108339,2639,2.44,766,252,9.55,32.9,157629.93,395031.25,150.61,2.51,59.73,1454.97,625.52,625.52,205.78,False,None
CMP-2026-165,Google_LeadGeneration_Students_Ea,Lead Generation,Google,2025-04-17,2025-05-31,44,2025,Q2 2025,Apr 2025,East,Students,60197,2168,3.6,637,185,8.53,29.04,76564.83,199638.59,160.74,2.61,35.32,1271.9,413.86,413.86,120.2,False,None
CMP-2026-166,Facebook_LeadGeneration_YoungProfessionals_So,Lead Generation,Facebook,2026-04-21,2026-05-28,37,2026,Q2 2026,Apr 2026,South,Young Professionals,159753,2092,1.31,324,75,3.59,23.15,1850000.0,138719.57,-92.5,0.07,884.32,11580.38,24666.67,24666.67,5709.88,True,"Marketing Spend ₹1,850,000 exceeds upper IQR bound ₹145,475"
CMP-2026-167,LinkedIn_LeadGeneration_SmallBusinessOwners_Ea,Lead Generation,LinkedIn,2025-07-24,2025-08-02,9,2025,Q3 2025,Jul 2025,East,Small Business Owners,44681,416,0.93,81,13,3.12,16.05,99263.28,158082.17,59.26,1.59,238.61,2221.6,7635.64,7635.64,1225.47,False,None
CMP-2026-168,Google_Retargeting_EnterpriseDecisionMakers_No,Retargeting,Google,2025-10-20,2025-11-18,29,2025,Q4 2025,Oct 2025,North,Enterprise Decision Makers,200818,6027,3.0,1759,617,10.24,35.08,40975.5,132579.4,223.56,3.24,6.8,204.04,66.41,66.41,23.29,False,None
CMP-2026-169,Email_Newsletter_SmallBusinessOwners_No,Newsletter,Email,2026-03-27,2026-04-27,31,2026,Q1 2026,Mar 2026,North,Small Business Owners,104587,3454,3.3,1435,579,16.76,40.35,5835.22,4252.01,-27.13,0.73,1.69,55.79,10.08,10.08,4.07,False,None
CMP-2026-170,Google_LeadGeneration_ReturningCustomers_No,Lead Generation,Google,2026-03-11,2026-03-23,12,2026,Q1 2026,Mar 2026,North,Returning Customers,91504,2787,3.05,542,176,6.32,32.47,159387.27,297003.91,86.34,1.86,57.19,1741.86,905.61,905.61,294.07,False,None
CMP-2026-171,LinkedIn_LeadGeneration_SmallBusinessOwners_No,Lead Generation,LinkedIn,2026-04-02,2026-05-17,45,2026,Q2 2026,Apr 2026,North,Small Business Owners,47741,330,0.69,78,24,7.27,30.77,74162.84,122739.83,65.5,1.66,224.74,1553.44,3090.12,3090.12,950.81,False,None
CMP-2026-172,Google_LeadGeneration_WorkingParents_Ce,Lead Generation,Google,2026-03-22,2026-04-15,24,2026,Q1 2026,Mar 2026,Central,Working Parents,63192,2081,3.29,580,213,10.24,36.72,133934.73,338867.49,153.01,2.53,64.36,2119.49,628.8,628.8,230.92,False,None
CMP-2026-173,Instagram_SeasonalSale_YoungProfessionals_Ce,Seasonal Sale,Instagram,2025-06-13,2025-06-21,8,2025,Q2 2025,Jun 2025,Central,Young Professionals,612226,4161,0.68,450,144,3.46,32.0,94870.88,46400.49,-51.09,0.49,22.8,154.96,658.83,658.83,210.82,False,None
CMP-2026-174,Facebook_SeasonalSale_ReturningCustomers_No,Seasonal Sale,Facebook,2026-01-28,2026-03-12,43,2026,Q1 2026,Jan 2026,North,Returning Customers,403451,3895,0.97,601,116,2.98,19.3,42645.39,61633.83,44.53,1.45,10.95,105.7,367.63,367.63,70.96,False,None
CMP-2026-175,Facebook_BrandAwareness_YoungProfessionals_We,Brand Awareness,Facebook,2026-01-11,2026-02-12,32,2026,Q1 2026,Jan 2026,West,Young Professionals,725127,4873,0.67,596,163,3.34,27.35,57049.32,143758.22,151.99,2.52,11.71,78.67,350.0,350.0,95.72,False,None
CMP-2026-176,Google_SeasonalSale_Students_Ce,Seasonal Sale,Google,2025-05-01,2025-05-24,23,2025,Q2 2025,May 2025,Central,Students,99351,3722,3.75,1032,495,13.3,47.97,123004.73,754613.78,513.48,6.13,33.05,1238.08,248.49,248.49,119.19,False,None
CMP-2026-177,Instagram_Retargeting_WorkingParents_Ea,Retargeting,Instagram,2025-05-19,2025-05-30,11,2025,Q2 2025,May 2025,East,Working Parents,400420,2902,0.72,528,175,6.03,33.14,128348.09,184873.69,44.04,1.44,44.23,320.53,733.42,733.42,243.08,False,None
CMP-2026-178,Instagram_SeasonalSale_Students_Ea,Seasonal Sale,Instagram,2025-12-18,2026-01-02,15,2025,Q4 2025,Dec 2025,East,Students,308972,2422,0.78,448,137,5.66,30.58,58391.66,76016.1,30.18,1.3,24.11,188.99,426.22,426.22,130.34,False,None
CMP-2026-179,LinkedIn_LeadGeneration_EnterpriseDecisionMakers_So,Lead Generation,LinkedIn,2026-01-06,2026-02-14,39,2026,Q1 2026,Jan 2026,South,Enterprise Decision Makers,71068,394,0.55,78,16,4.06,20.51,217398.2,397292.55,82.75,1.83,551.77,3059.02,13587.39,13587.39,2787.16,False,None
CMP-2026-180,Facebook_SeasonalSale_Students_No,Seasonal Sale,Facebook,2026-04-24,2026-06-05,42,2026,Q2 2026,Apr 2026,North,Students,161421,1596,0.99,297,79,4.95,26.6,126688.34,184958.24,45.99,1.46,79.38,784.83,1603.65,1603.65,426.56,False,None
CMP-2026-181,Instagram_SeasonalSale_YoungProfessionals_No,Seasonal Sale,Instagram,2026-02-24,2026-04-08,43,2026,Q1 2026,Feb 2026,North,Young Professionals,524673,5417,1.03,984,238,4.39,24.19,136823.67,263368.03,92.49,1.92,25.26,260.78,574.89,574.89,139.05,False,None
CMP-2026-182,Google_LeadGeneration_SmallBusinessOwners_We,Lead Generation,Google,2026-07-19,2026-09-01,44,2026,Q3 2026,Jul 2026,West,Enterprise Decision Makers,149502,6583,4.4,1236,344,5.23,27.83,155783.08,251195.39,61.25,1.61,23.66,1042.01,452.86,452.86,126.04,False,None
CMP-2026-183,Google_Retargeting_Students_No,Retargeting,Google,2025-06-18,2025-07-05,17,2025,Q2 2025,Jun 2025,North,Students,129585,5792,4.47,1503,786,13.57,52.3,123666.52,219382.12,77.4,1.77,21.35,954.33,157.34,157.34,82.28,False,None
CMP-2026-184,Instagram_SeasonalSale_ReturningCustomers_No,Seasonal Sale,Instagram,2026-07-19,2026-08-12,24,2026,Q3 2026,Jul 2026,North-East,Returning Customers,456091,4913,1.08,591,207,4.21,35.03,59824.83,28565.72,-52.25,0.48,12.18,131.17,289.01,289.01,101.23,False,None
CMP-2026-185,Email_Retargeting_SmallBusinessOwners_Ce,Retargeting,Email,2025-12-12,2026-01-24,43,2025,Q4 2025,Dec 2025,Central,Small Business Owners,34340,1733,5.05,712,319,18.41,44.8,14297.26,33613.34,135.1,2.35,8.25,416.34,44.82,44.82,20.08,False,None
CMP-2026-186,Email_Newsletter_YoungProfessionals_Ea,Newsletter,Email,2026-08-09,2026-09-11,33,2026,Q3 2026,Aug 2026,North,Young Professionals,127234,4882,3.84,1900,780,15.98,41.05,3878.57,12492.4,222.09,3.22,0.79,30.48,4.97,4.97,2.04,False,None
CMP-2026-187,YouTube_BrandAwareness_Students_No,Brand Awareness,YouTube,2026-02-20,2026-03-18,26,2026,Q1 2026,Feb 2026,North,Students,758256,2935,0.39,299,36,1.23,12.04,182393.51,78968.9,-56.7,0.43,62.14,240.54,5066.49,5066.49,610.01,False,None
CMP-2026-188,LinkedIn_LeadGeneration_EnterpriseDecisionMakers_So,Lead Generation,LinkedIn,2025-11-23,2025-12-22,29,2025,Q4 2025,Nov 2025,South,Enterprise Decision Makers,42826,328,0.77,56,13,3.96,23.21,67884.08,127882.37,88.38,1.88,206.96,1585.11,5221.85,5221.85,1212.22,False,None
CMP-2026-189,Instagram_BrandAwareness_WorkingParents_Ea,Brand Awareness,Instagram,2025-09-11,2025-09-27,16,2025,Q3 2025,Sep 2025,East,Working Parents,362014,4247,1.17,551,185,4.36,33.58,58374.38,43455.0,-25.56,0.74,13.74,161.25,315.54,315.54,105.94,False,None
CMP-2026-190,LinkedIn_LeadGeneration_EnterpriseDecisionMakers_Ce,Lead Generation,LinkedIn,2025-12-02,2026-01-14,43,2025,Q4 2025,Dec 2025,North,Enterprise Decision Makers,28675,300,1.05,58,17,5.67,29.31,78220.97,117156.41,49.78,1.5,260.74,2727.85,4601.23,4601.23,1348.64,False,None
CMP-2026-191,Facebook_SeasonalSale_Students_So,Seasonal Sale,Facebook,2025-04-03,2025-05-05,32,2025,Q2 2025,Apr 2025,South,Students,255540,2428,0.95,258,71,2.92,27.52,136168.96,282193.44,107.24,2.07,56.08,532.87,1917.87,1917.87,527.79,False,None
CMP-2026-192,Google_LeadGeneration_SmallBusinessOwners_No,Lead Generation,Google,2026-04-27,2026-05-22,25,2026,Q2 2026,Apr 2026,North,Small Business Owners,149113,6474,4.34,1825,777,12.0,42.58,140896.55,280006.12,98.73,1.99,21.76,944.9,181.33,181.33,77.2,False,None
CMP-2026-193,LinkedIn_LeadGeneration_EnterpriseDecisionMakers_No,Lead Generation,LinkedIn,2026-02-15,2026-02-25,10,2026,Q1 2026,Feb 2026,North,Enterprise Decision Makers,55065,247,0.45,50,14,5.67,28.0,79064.68,459712.62,481.44,5.81,320.1,1435.84,5647.48,5647.48,1581.29,False,None
CMP-2026-194,Google_SeasonalSale_ReturningCustomers_So,Seasonal Sale,Google,2025-05-02,2025-05-17,15,2025,Q2 2025,May 2025,South,Returning Customers,232826,7325,3.15,2281,966,13.19,42.35,84237.96,159417.43,89.25,1.89,11.5,361.81,87.2,87.2,36.93,False,None
CMP-2026-195,Facebook_LeadGeneration_Students_We,Lead Generation,Facebook,2026-06-06,2026-07-08,32,2026,Q2 2026,Jun 2026,West,Students,206332,1925,0.93,302,79,4.1,26.16,30209.89,53378.11,76.69,1.77,15.69,146.41,382.4,382.4,100.03,False,None
CMP-2026-196,Facebook_LeadGeneration_WorkingParents_Ce,Lead Generation,Facebook,2026-06-12,2026-06-27,15,2026,Q2 2026,Jun 2026,Central,Working Parents,222376,2202,0.99,626,146,6.63,23.32,95502.83,136525.89,42.95,1.43,43.37,429.47,654.13,654.13,152.56,False,None
CMP-2026-197,Google_LeadGeneration_ReturningCustomers_No,Lead Generation,Google,2026-06-06,2026-07-17,41,2026,Q2 2026,Jun 2026,North,Returning Customers,159225,3880,2.44,878,242,6.24,27.56,105365.53,214754.53,103.82,2.04,27.16,661.74,435.39,435.39,120.01,False,None
CMP-2026-198,Email_SeasonalSale_ReturningCustomers_No,Seasonal Sale,Email,2025-11-12,2025-11-20,8,2025,Q4 2025,Nov 2025,North,Returning Customers,100392,5136,5.12,1943,768,14.95,39.53,6819.13,2978.68,-56.32,0.44,1.33,67.93,8.88,8.88,3.51,False,None
CMP-2026-199,Google_LeadGeneration_EnterpriseDecisionMakers_No,Lead Generation,Google,2026-05-07,2026-05-24,17,2026,Q2 2026,May 2026,North,Enterprise Decision Makers,228159,7384,3.24,2179,764,10.35,35.06,125147.85,281963.49,125.3,2.25,16.95,548.51,163.81,163.81,57.43,False,None
CMP-2026-200,Instagram_LeadGeneration_YoungProfessionals_Ce,Lead Generation,Instagram,2025-04-23,2025-05-12,19,2025,Q2 2025,Apr 2025,Central,Young Professionals,215401,2664,1.24,398,127,4.77,31.91,61074.64,119093.61,95.0,1.95,22.93,283.54,480.9,480.9,153.45,False,None
CMP-2026-201,Facebook_Retargeting_WorkingParents_We,Retargeting,Facebook,2025-03-05,2025-03-20,15,2025,Q1 2025,Mar 2025,West,Working Parents,748817,7912,1.06,1149,405,5.12,35.25,89501.98,144136.64,61.04,1.61,11.31,119.52,220.99,220.99,77.9,False,None
CMP-2026-202,Email_Retargeting_ReturningCustomers_We,Retargeting,Email,2026-06-30,2026-07-28,28,2026,Q2 2026,Jun 2026,West,Returning Customers,124780,5293,4.24,2205,888,16.78,40.27,11948.36,38484.21,222.09,3.22,2.26,95.76,13.46,13.46,5.42,False,None
CMP-2026-203,Instagram_BrandAwareness_YoungProfessionals_So,Brand Awareness,Instagram,2025-09-10,2025-10-04,24,2025,Q3 2025,Sep 2025,South,Young Professionals,732933,6618,0.9,891,273,4.13,30.64,50859.71,96273.24,89.29,1.89,7.69,69.39,186.3,186.3,57.08,False,None
CMP-2026-204,Instagram_BrandAwareness_ReturningCustomers_Ea,Brand Awareness,Instagram,2025-11-21,2025-12-28,37,2025,Q4 2025,Nov 2025,East,Returning Customers,621105,5481,0.88,628,190,3.47,30.25,132375.54,79553.78,-39.9,0.6,24.15,213.13,696.71,696.71,210.79,False,None
CMP-2026-205,Google_BrandAwareness_WorkingParents_So,Brand Awareness,Google,2026-02-09,2026-03-10,29,2026,Q1 2026,Feb 2026,North,Working Parents,116804,3542,3.03,992,327,9.23,32.96,135576.98,301797.82,122.6,2.23,38.28,1160.72,414.61,414.61,136.67,False,None
CMP-2026-206,Google_Retargeting_EnterpriseDecisionMakers_So,Retargeting,Google,2025-09-20,2025-10-27,37,2025,Q3 2025,Sep 2025,South,Enterprise Decision Makers,112360,4086,3.64,891,245,6.0,27.5,138493.96,97831.92,-29.36,0.71,33.89,1232.59,565.28,565.28,155.44,False,None
CMP-2026-207,LinkedIn_LeadGeneration_SmallBusinessOwners_We,Lead Generation,LinkedIn,2025-09-03,2025-09-25,22,2025,Q3 2025,Sep 2025,West,Small Business Owners,33120,183,0.55,25,5,2.73,20.0,203407.23,266968.18,31.25,1.31,1111.51,6141.52,40681.45,40681.45,8136.29,False,None
CMP-2026-208,LinkedIn_BrandAwareness_EnterpriseDecisionMakers_No,Brand Awareness,LinkedIn,2025-05-21,2025-05-28,7,2025,Q2 2025,May 2025,North,Enterprise Decision Makers,28582,236,0.83,62,14,5.93,22.58,216134.37,382128.52,76.8,1.77,915.82,7561.91,15438.17,15438.17,3486.04,False,None
CMP-2026-209,LinkedIn_LeadGeneration_SmallBusinessOwners_No,Lead Generation,LinkedIn,2025-10-22,2025-11-18,27,2025,Q4 2025,Oct 2025,North,Small Business Owners,69504,573,0.82,90,25,4.36,27.78,55353.45,147650.17,166.74,2.67,96.6,796.41,2214.14,2214.14,615.04,False,None
CMP-2026-210,Instagram_SeasonalSale_YoungProfessionals_No,Seasonal Sale,Instagram,2025-02-08,2025-02-26,18,2025,Q1 2025,Feb 2025,North,Young Professionals,708371,4823,0.68,966,311,6.45,32.19,121324.56,179220.22,47.72,1.48,25.16,171.27,390.11,390.11,125.59,False,None
CMP-2026-211,Facebook_Retargeting_YoungProfessionals_So,Retargeting,Facebook,2025-10-24,2025-11-02,9,2025,Q4 2025,Oct 2025,South,Young Professionals,187599,2787,1.49,374,134,4.81,35.83,90315.61,626451.1,593.62,6.94,32.41,481.43,674.0,674.0,241.49,False,None
CMP-2026-212,Facebook_Retargeting_WorkingParents_Ea,Retargeting,Facebook,2026-05-21,2026-06-05,15,2026,Q2 2026,May 2026,East,Working Parents,241471,2392,0.99,215,56,2.34,26.05,78822.39,115133.77,46.07,1.46,32.95,326.43,1407.54,1407.54,366.62,False,None
CMP-2026-213,LinkedIn_LeadGeneration_EnterpriseDecisionMakers_So,Lead Generation,LinkedIn,2025-07-10,2025-07-17,7,2025,Q3 2025,Jul 2025,South,Enterprise Decision Makers,56041,500,0.89,74,22,4.4,29.73,183384.34,374212.62,104.06,2.04,366.77,3272.32,8335.65,8335.65,2478.17,False,None
CMP-2026-214,Google_BrandAwareness_ReturningCustomers_No,Brand Awareness,Google,2026-03-14,2026-04-22,39,2026,Q1 2026,Mar 2026,North,Returning Customers,71938,3280,4.56,810,377,11.49,46.54,85104.16,124876.49,46.73,1.47,25.95,1183.02,225.74,225.74,105.07,False,None
