Campaign ID,Campaign Name,Campaign Type,Platform,Campaign Start Date,Campaign End Date,Region,Audience Segment,Impressions,Clicks,CTR %,Leads Generated,Conversions,Conversion Rate %,Marketing Spend,Revenue Generated,ROI %,CPC,CPM,Customer Acquisition Cost
CMP-2025-001,Facebook_LeadGeneration_WorkingParents_We,Lead Generation,Facebook,2025-04-25,2025-05-03,West,Working Parents,207908,1533.0,0.74,290.0,81.0,5.28,53162.56,96604.78,81.72,34.68,255.7,656.33
CMP-2025-002,Instagram_SeasonalSale_WorkingParents_No,Seasonal Sale,Instagram,2025-02-02,2025-02-10,North,Working Parents,499271,5627.0,1.13,1046.0,320.0,5.69,51756.0,75561.82,46.0,9.2,103.66,161.74
CMP-2025-003,Email_Retargeting_SmallBusinessOwners_No,Retargeting,Email,2026-04-05,2026-05-19,North,Small Business Owners,112262,3007.0,2.68,1058.0,429.0,14.27,14366.25,35257.64,145.42,4.78,127.97,33.49
CMP-2025-004,YouTube_ProductLaunch_Students_No,Product Launch,YouTube,2025-12-11,2025-12-24,North,STUDENTS,2102614,9918.0,0.47,1316.0,221.0,2.23,72892.53,45774.03,-37.2,7.35,34.67,329.83
CMP-2025-005,YouTube_ProductLaunch_Students_So,Product Launch,YouTube,23/01/2026,04/02/2026,South,Students,1656113,9734.0,0.59,1090.0,179.0,1.84,208439.86,97003.26,-53.46,21.41,125.86,1164.47
CMP-2025-006,Facebook_BrandAwareness_WorkingParents_So,Brand Awareness,fb,2025-08-22,2025-09-16,South,Working Parents,665884,6480.0,0.97,1001.0,330.0,5.09,123361.54,204750.58,65.98,19.04,185.26,373.82
CMP-2025-007,Google_BrandAwareness_ReturningCustomers_No,Brand Awareness,Google,2025-12-30,2026-01-19,North,Returning Customers,207215,5299.0,2.56,1425.0,531.0,10.02,122727.54,229225.8,86.78,23.16,592.27,231.13
CMP-2025-008,Instagram_SeasonalSale_ReturningCustomers_Ea,Seasonal Sale,Insta,19 Apr 2026,20 May 2026,East,Returning Customers,553542,4631.0,0.84,643.0,205.0,4.43,131419.99,63436.1,-51.73,28.38,237.42,641.07
CMP-2025-009,Google_SeasonalSale_EnterpriseDecisionMakers_So,Seasonal Sale,Google,2025-02-02,2025-03-01,South,Enterprise Decision Makers,260021,9485.0,3.65,2661.0,795.0,8.38,2250000.0,91524.36,-95.93,237.22,8653.15,2830.19
CMP-2025-010,Google_BrandAwareness_ReturningCustomers_We,Brand Awareness,Google,15 Apr 2026,01 May 2026,West,Returning Customers,179114,5334.0,2.98,1397.0,638.0,11.96,65828.44,127921.72,94.33,12.34,367.52,103.18
CMP-2025-011,Facebook_BrandAwareness_ReturningCustomers_No,Brand Awareness,Facebook,2025-08-13,2025-08-28,North,Returning Customers,149683,1112.0,0.74,195.0,63.0,5.67,35454.58,68023.01,91.86,31.88,236.86,562.77
CMP-2025-012,LinkedIn_BrandAwareness_SmallBusinessOwners_No,Brand Awareness,LinkedIn,2025-03-07,2025-04-07,North, small business owners ,53450,551.0,1.03,142.0,22.0,3.99,219321.24,373731.98,70.4,398.04,4103.3,9969.15
CMP-2025-013,Facebook_BrandAwareness_ReturningCustomers_So,Brand Awareness,FB,2026-07-04,2026-07-28,South,Returning Customers,304905,2392.0,0.78,240.0,74.0,3.09,64120.18,126505.51,97.29,26.81,210.3,866.49
CMP-2025-014,Instagram_SeasonalSale_Students_No,Seasonal Sale,Insta,2026-05-28,2026-06-15,North, students ,513939,7017.0,1.37,1129.0,244.0,3.48,37237.24,56346.0,51.32,5.31,72.45,152.61
CMP-2025-015,Email_Retargeting_YoungProfessionals_Ce,Retargeting,Email,2025-06-15,2025-07-26,Central,Young Professionals,130626,,,1896.0,706.0,,15030.43,44828.88,198.25,,115.06,21.29
CMP-2025-016,Instagram_LeadGeneration_ReturningCustomers_Ea,Lead Generation,Instagram,2025-11-11,2025-12-03,East,Returning Customers,716578,5179.0,0.72,820.0,158.0,3.05,125971.1,780679.87,519.73,24.32,175.8,797.29
CMP-2025-017,Instagram_LeadGeneration_YoungProfessionals_So,Lead Generation,Instagram,2025-05-09,2025-05-24,South,YOUNG PROFESSIONALS,224029,2461.0,1.1,425.0,150.0,6.1,133887.6,291344.57,117.6,54.4,597.64,892.58
CMP-2025-018,Facebook_Retargeting_Students_No,Retargeting,Facebook,25/07/2025,20/08/2025,North-East,Students,355254,5026.0,1.41,775.0,174.0,3.46,102244.0,117735.29,15.15,20.34,287.81,587.61
CMP-2025-019,Instagram_BrandAwareness_YoungProfessionals_We,Brand Awareness,Instagram,22/01/2025,07/03/2025,West,Young Professionals,124530,1559.0,1.25,167.0,32.0,2.05,92670.61,129646.69,39.9,59.44,744.16,2895.96
CMP-2025-020,Google_BrandAwareness_Students_No,Brand Awareness,Google,2025-12-16,2025-11-29,North,Students,161645,5797.0,3.59,1631.0,739.0,12.75,69809.66,157362.79,125.42,12.04,431.87,94.47
CMP-2025-021,Google_Retargeting_Students_We,Retargeting,Google,2025-09-06,2025-10-13,West,Students,72294,2421.0,3.35,579.0,207.0,8.55,58801.24,151015.06,156.82,24.29,813.36,284.06
CMP-2025-022,Email_Retargeting_YoungProfessionals_So,Retargeting,Email,2025-04-11,2025-04-21,South,Young Professionals,124092,3656.0,2.95,1142.0,502.0,13.73,7741.28,21909.5,183.02,2.12,62.38,15.42
CMP-2025-023,Google_Retargeting_SmallBusinessOwners_So,Retargeting,Google,2025-10-13,2025-11-18,South,Small Business Owners,151920,6525.0,4.3,1677.0,439.0,6.73,150408.2,584112.67,288.35,23.05,990.05,342.62
CMP-2025-024,Google_LeadGeneration_EnterpriseDecisionMakers_We,Lead Generation,Google,2025-01-16,2025-01-28,West,Enterprise Decision Makers,88251,3061.0,3.47,643.0,220.0,7.19,141086.97,46538.72,-67.01,46.09,1598.7,641.3
CMP-2025-025,Instagram_LeadGeneration_YoungProfessionals_So,Lead Generation,Insta,24/01/2026,31/01/2026,South,Young Professionals,613964,6365.0,1.04,960.0,338.0,5.31,55498.35,158093.57,184.86,8.72,90.39,164.2
CMP-2025-026,YouTube_ProductLaunch_YoungProfessionals_Ea,Product Launch,YouTube,2026-07-24,2026-08-31,East,Young Professionals,2338983,10774.0,0.46,1172.0,199.0,1.85,109890.95,39898.48,-63.69,10.2,46.98,552.22
CMP-2025-027,LinkedIn_LeadGeneration_EnterpriseDecisionMakers_So,Lead Generation,LinkedIn,04/05/2026,12/06/2026,South,Enterprise Decision Makers,21810,,,41.0,7.0,,137947.07,,,,6324.95,19706.72
CMP-2025-028,Google_LeadGeneration_Students_So,Lead Generation,Google,29 Aug 2025,30 Sep 2025,South,,106629,3954.0,3.71,,365.0,9.23,146285.91,385932.89,163.82,37.0,1371.91,400.78
CMP-2025-029,Instagram_LeadGeneration_WorkingParents_Ea,Lead Generation,Insta,20/06/2026,17/07/2026,East,Working Parents,571200,4872.0,0.85,719.0,216.0,4.43,48489.81,74163.1,52.95,9.95,84.89,224.49
CMP-2025-030,Instagram_BrandAwareness_YoungProfessionals_No,Brand Awareness,Instagram,2025-11-20,2025-12-01,North,YOUNG PROFESSIONALS,474685,3489.0,0.74,574.0,156.0,4.47,96433.31,156557.01,62.35,27.64,203.15,618.16
CMP-2025-031,Facebook_BrandAwareness_Students_Ea,Brand Awareness,fb,2025-12-24,2026-01-04,East,Students ,219380,2981.0,1.36,550.0,160.0,5.37,67495.62,156495.84,131.86,22.64,307.67,421.85
CMP-2025-032,Facebook_BrandAwareness_ReturningCustomers_We,Brand Awareness,Facebook,2026-06-26,2026-07-03,West,Returning Customers,707006,5218.0,0.74,1072.0,244.0,4.68,88779.26,189500.53,113.45,17.01,125.57,363.85
CMP-2025-033,Google_Retargeting_WorkingParents_So,Retargeting,Google,21/07/2026,06/08/2026,South,Working Parents,215050,6124.0,2.85,1646.0,511.0,8.34,110603.73,227547.51,105.73,18.06,514.32,216.45
CMP-2025-034,Google_LeadGeneration_ReturningCustomers_No,Lead Generation,Google,2025-02-22,2025-03-06,North,Returning Customers,60139,1885.0,3.13,374.0,178.0,9.44,138668.51,242225.88,74.68,73.56,2305.8,779.04
CMP-2025-035,Google_LeadGeneration_SmallBusinessOwners_So,Lead Generation,Google,2026-03-29,2026-05-10,South,Small Business Owners,75730,3392.0,4.48,939.0,267.0,7.87,105113.36,167943.61,59.77,30.99,1388.0,393.68
CMP-2025-036,Facebook_BrandAwareness_WorkingParents_So,Brand Awareness,Facebook,2026-01-14,2026-02-27,South,Working Parents,146352,1405.0,0.96,298.0,106.0,7.54,74425.47,104960.06,41.03,52.97,508.54,702.13
CMP-2025-037,Google_LeadGeneration_SmallBusinessOwners_No,Lead Generation,Google,2026-01-02,2026-01-22,North,Small Business Owners,131346,4770.0,3.63,1443.0,684.0,14.34,118366.68,366772.98,209.86,24.81,901.18,173.05
CMP-2025-038,Google_LeadGeneration_Students_So,Lead Generation,Google,31 Aug 2025,17 Sep 2025,South,Students,252725,6203.0,2.45,1756.0,573.0,9.24,136346.46,479040.52,251.34,21.98,539.51,237.95
CMP-2025-039,Google_LeadGeneration_SmallBusinessOwners_No,Lead Generation,Google,12/09/2025,06/10/2025,North,Small Business Owners,137984,3429.0,2.49,843.0,249.0,7.26,122659.77,312425.33,154.71,35.77,888.94,492.61
CMP-2025-040,Instagram_SeasonalSale_YoungProfessionals_No,Seasonal Sale,Instagram,2025-12-25,2026-01-20,,Young Professionals,260441,3154.0,1.21,466.0,107.0,3.39,125202.15,74249.48,-40.7,39.7,480.73,1170.11
CMP-2025-041,Facebook_LeadGeneration_ReturningCustomers_No,Lead Generation,Facebook,2025-10-13,2025-11-11,North,,738124,8162.0,1.11,1736.0,,,70963.01,234483.33,230.43,8.69,96.14,
CMP-2025-042,Facebook_LeadGeneration_WorkingParents_Ea,Lead Generation,Facebook,2025-07-02,2025-08-15,East,Working Parents,188293,1919.0,1.02,360.0,,,55528.63,105370.29,89.76,28.94,294.91,
CMP-2025-043,Instagram_SeasonalSale_Students_No,Seasonal Sale,Instagram,2026-06-08,2026-06-22,North,Students,280475,3513.0,1.25,352.0,,,91307.63,580854.62,536.15,25.99,325.55,
CMP-2025-044,LinkedIn_BrandAwareness_EnterpriseDecisionMakers_We,Brand Awareness,LinkedIn,2025-07-21,2025-08-20,West,Enterprise Decision Makers,79691,,,145.0,25.0,,211053.04,411216.83,94.84,,2648.39,8442.12
CMP-2025-045,Facebook_SeasonalSale_Students_So,Seasonal Sale,Facebook,2026-06-04,2026-06-30,South,Students,559241,6270.0,1.12,771.0,231.0,3.68,62511.03,97365.28,55.76,9.97,111.78,270.61
CMP-2025-046,Email_SeasonalSale_ReturningCustomers_So,Seasonal Sale,Email,2025-06-28,2025-08-10,South, returning customers ,25046,767.0,3.06,271.0,126.0,16.43,10349.22,32539.0,214.41,13.49,413.21,82.14
CMP-2025-047,Google_LeadGeneration_SmallBusinessOwners_So,Lead Generation,Google,2026-04-22,2026-05-27,South,Small Business Owners,158832,6961.0,4.38,2029.0,586.0,8.42,61712.68,,,8.87,388.54,105.31
CMP-2025-048,Google_Retargeting_WorkingParents_So,Retargeting,Google Ads,12/06/2026,10/07/2026,South,Working Parents,104019,3207.0,3.08,939.0,267.0,8.33,153999.96,224621.6,45.86,48.02,1480.5,576.78
CMP-2025-049,Google_BrandAwareness_YoungProfessionals_We,Brand Awareness,Google,2026-05-02,2026-05-13,West,Young Professionals,182404,7260.0,3.98,1697.0,580.0,7.99,145767.11,244855.82,67.98,20.08,799.14,251.32
CMP-2025-050,LinkedIn_BrandAwareness_EnterpriseDecisionMakers_Ea,Brand Awareness,linkedin ,2025-01-06,2025-01-19,East,Enterprise Decision Makers,71875,613.0,0.85,119.0,29.0,4.73,83297.2,210266.51,152.43,135.88,1158.92,2872.32
CMP-2025-051,LinkedIn_LeadGeneration_EnterpriseDecisionMakers_No,Lead Generation,LinkedIn ,05/05/2025,10/06/2025,North-East,,53585,409.0,0.76,70.0,19.0,4.65,126312.57,163531.81,29.47,308.83,2357.24,6648.03
CMP-2025-052,Instagram_BrandAwareness_YoungProfessionals_No,Brand Awareness,Instagram,2026-06-01,2026-07-05,North,Young Professionals,685241,8786.0,1.28,1379.0,313.0,3.56,88005.27,127126.11,44.45,10.02,128.43,281.17
CMP-2025-053,Email_ProductLaunch_SmallBusinessOwners_No,Product Launch,email,11/10/2025,20/11/2025,North,Small Business Owners ,75585,3281.0,4.34,1049.0,,,6490.57,34614.08,433.3,1.98,85.87,
CMP-2025-054,Facebook_Retargeting_ReturningCustomers_Ce,Retargeting,Facebook,2025-03-24,2025-04-08,Central,Returning Customers,216267,1799.0,0.83,269.0,64.0,3.56,69049.06,105122.37,52.24,38.38,319.28,1078.89
CMP-2025-055,Email_SeasonalSale_SmallBusinessOwners_Ce,Seasonal Sale,Email,2025-03-05,2025-03-25,Central,Small Business Owners,113526,5720.0,5.04,1621.0,853.0,14.91,8368.46,5954.6,-28.84,1.46,73.71,9.81
CMP-2025-056,Email_Retargeting_YoungProfessionals_No,Retargeting,Email,04/05/2026,11/05/2026,North,Young Professionals,69848,3405.0,4.87,1437.0,658.0,19.32,7232.66,26142.63,261.45,2.12,103.55,10.99
CMP-2025-057,Google_SeasonalSale_EnterpriseDecisionMakers_So,Seasonal Sale,Google,2025-08-14,2025-09-21,South,Enterprise Decision Makers,56675,1779.0,3.14,489.0,168.0,9.44,89479.5,181479.95,102.82,50.3,1578.82,532.62
CMP-2025-058,Facebook_SeasonalSale_WorkingParents_Ea,Seasonal Sale,Facebook,2026-04-24,2026-05-09,East,Working Parents,691365,7972.0,1.15,1431.0,279.0,3.5,86424.22,146259.58,69.23,10.84,125.01,309.76
CMP-2025-059,Google_Retargeting_Students_So,Retargeting,Google,2026-04-18,2026-05-06,South,Students,98681,3078.0,3.12,882.0,297.0,9.65,82387.98,189437.77,129.93,26.77,834.89,277.4
CMP-2025-060,Google_LeadGeneration_WorkingParents_Ea,Lead Generation,Google Ads,2026-03-08,2026-03-31,East,WORKING PARENTS,222275,5589.0,2.51,1751.0,528.0,9.45,93788.35,157035.7,67.44,16.78,421.95,177.63
CMP-2025-061,Instagram_BrandAwareness_WorkingParents_Ea,Brand Awareness,Instagram,2025-02-11,2025-02-19,,,132839,1036.0,0.78,119.0,36.0,3.47,47926.48,88382.47,84.41,46.26,360.79,1331.29
CMP-2025-062,Facebook_SeasonalSale_Students_So,Seasonal Sale,Facebook,2025-08-12,2025-09-17,South,Students,225707,2632.0,1.17,499.0,100.0,3.8,113193.28,78544.9,-30.61,43.01,501.51,1131.93
CMP-2025-063,Email_Retargeting_YoungProfessionals_So,Retargeting,Email,2025-11-15,2025-11-28,South,Young Professionals,91216,4492.0,4.92,1544.0,831.0,18.5,15111.09,57155.95,278.24,3.36,165.66,18.18
CMP-2025-064,LinkedIn_BrandAwareness_SmallBusinessOwners_No,Brand Awareness,LinkedIn,2025-09-06,2025-09-19,North, small business owners ,63845,590.0,0.92,146.0,36.0,6.1,97776.97,86074.54,-11.97,165.72,1531.47,2716.03
CMP-2025-065,Instagram_SeasonalSale_ReturningCustomers_Ea,Seasonal Sale,Instagram,30 Jun 2026,03 Aug 2026,East,Returning Customers ,527952,3488.0,0.66,525.0,141.0,4.04,32930.02,53268.51,61.76,9.44,62.37,233.55
CMP-2025-066,Google_BrandAwareness_EnterpriseDecisionMakers_No,Brand Awareness,Google,2026-01-06,2026-02-11,North,Enterprise Decision Makers,218772,9897.0,4.52,2156.0,940.0,9.5,89435.89,247106.05,176.29,9.04,408.81,95.14
CMP-2025-067,Email_SeasonalSale_ReturningCustomers_Ce,Seasonal Sale,Email,11 May 2026,16 Jun 2026,Central,Returning Customers ,55865,2656.0,4.75,1119.0,411.0,15.47,12637.83,45159.91,257.34,4.76,226.22,30.75
CMP-2025-068,Facebook_LeadGeneration_WorkingParents_No,Lead Generation,Facebook,07 Sep 2025,13 Oct 2025,North-East,Working Parents,331929,3552.0,1.07,,132.0,3.72,101841.67,153471.63,50.7,28.67,306.82,771.53
CMP-2025-069,Google_LeadGeneration_Students_So,Lead Generation,Google,2025-09-22,2025-10-20,South,Students ,252424,9145.0,3.62,2308.0,678.0,7.41,109519.38,645527.51,489.42,11.98,433.87,161.53
CMP-2025-070,Google_SeasonalSale_ReturningCustomers_Ea,Seasonal Sale,Google,2026-02-21,2026-03-31,East,Returning Customers,159501,6326.0,3.97,1536.0,390.0,6.17,65040.49,123520.05,89.91,10.28,407.77,166.77
CMP-2025-071,Instagram_BrandAwareness_ReturningCustomers_Ea,Brand Awareness,Insta,19/02/2026,13/03/2026,East,,418154,4605.0,1.1,696.0,219.0,4.76,91878.89,130328.38,41.85,19.95,219.73,419.54
CMP-2025-072,Facebook_BrandAwareness_Students_Ce,Brand Awareness,Facebook,2026-04-10,2026-05-04,Central,Students,574409,5274.0,0.92,998.0,350.0,6.64,51511.87,92806.68,80.17,9.77,89.68,147.18
CMP-2025-073,LinkedIn_BrandAwareness_SmallBusinessOwners_So,Brand Awareness,LinkedIn,2025-07-16,2025-08-05,South,Small Business Owners,57502,514.0,0.89,111.0,35.0,6.81,93387.43,182505.32,95.43,181.69,1624.07,2668.21
CMP-2025-074,Facebook_Retargeting_WorkingParents_No,Retargeting,Facebook,2025-10-31,2025-11-21,North,,566051,4288.0,0.76,452.0,86.0,2.01,59760.77,121152.04,102.73,13.94,105.57,694.89
CMP-2025-075,Instagram_BrandAwareness_WorkingParents_So,Brand Awareness,Insta,2025-05-10,2025-06-17,South,Working Parents ,299133,3162.0,1.06,445.0,157.0,4.97,26410.52,34072.8,29.01,8.35,88.29,168.22
CMP-2025-076,Email_Retargeting_YoungProfessionals_We,Retargeting,Email,05 May 2026,19 May 2026,West,Young Professionals,33519,1370.0,4.09,,150.0,10.95,8508.84,27741.72,226.03,6.21,253.85,56.73
CMP-2025-077,Email_Newsletter_YoungProfessionals_No,Newsletter,email,08/11/2025,20/11/2025,North,Young Professionals,112910,4538.0,4.02,1881.0,743.0,16.37,4980.64,24918.78,400.31,1.1,44.11,6.7
CMP-2025-078,Instagram_BrandAwareness_YoungProfessionals_No,Brand Awareness,Instagram,2026-04-07,2026-05-12,North,Young Professionals,390162,4422.0,1.13,474.0,167.0,3.78,92680.39,108431.59,17.0,20.96,237.54,554.97
CMP-2025-079,YouTube_ProductLaunch_Students_No,Product Launch,YouTube,2025-08-01,2025-08-21,North,Students,917737,4115.0,0.45,305.0,39.0,0.95,70019.68,424111.01,505.7,17.02,76.3,1795.38
CMP-2025-080,Google_Retargeting_ReturningCustomers_Ea,Retargeting,Google,2026-04-27,2026-05-22,East,Returning Customers,115025,4936.0,4.29,938.0,285.0,5.77,71013.11,121150.99,70.6,14.39,617.37,249.17
CMP-2025-081,Facebook_Retargeting_ReturningCustomers_No,Retargeting,FB,2025-07-22,2025-08-25,North,Returning Customers,213863,1873.0,0.88,219.0,42.0,2.24,50853.09,94096.13,85.04,27.15,237.78,1210.79
CMP-2025-082,Instagram_BrandAwareness_YoungProfessionals_No,Brand Awareness,Instagram,06 Aug 2026,31 Aug 2026,North,Young Professionals,311577,3091.0,0.99,410.0,114.0,3.69,78900.27,151720.91,92.29,25.53,253.23,692.11
CMP-2025-083,Facebook_Retargeting_ReturningCustomers_We,Retargeting,Facebook,10/02/2025,16/03/2025,West,Returning Customers,136294,1151.0,0.84,208.0,70.0,6.08,94427.07,59953.68,-36.51,82.04,692.82,1348.96
CMP-2025-084,YouTube_BrandAwareness_Students_No,Brand Awareness,youtube,2025-01-22,2025-02-15,North,STUDENTS,791621,3432.0,0.43,343.0,39.0,1.14,196175.17,229985.8,17.23,57.16,247.81,5030.13
CMP-2025-085,Facebook_SeasonalSale_Students_No,Seasonal Sale,Facebook,2026-03-23,2026-04-30,North,Students,377259,,,392.0,82.0,,79051.2,131963.82,66.93,,209.54,964.04
CMP-2025-086,Google_BrandAwareness_Students_Ea,Brand Awareness,Google,2026-05-23,2026-06-17,East,Students,224914,5580.0,2.48,1073.0,331.0,5.93,3180000.0,144055.0,-95.47,569.89,14138.74,9607.25
CMP-2025-087,Google_BrandAwareness_YoungProfessionals_No,Brand Awareness,Google,2026-02-18,2026-03-29,North,Young Professionals,249954,8539.0,3.42,1602.0,592.0,6.93,35143.88,85381.61,142.95,4.12,140.6,59.36
CMP-2025-088,Google_LeadGeneration_EnterpriseDecisionMakers_No,Lead Generation,Google,26/05/2026,30/06/2026,North,Enterprise Decision Makers,176320,7830.0,4.44,1890.0,776.0,9.91,60444.78,104377.14,72.68,7.72,342.81,77.89
CMP-2025-089,YouTube_ProductLaunch_WorkingParents_So,Product Launch,YouTube,2025-09-03,2025-09-20,South,Working Parents,1245581,3751.0,0.3,509.0,48.0,1.28,57529.78,,,15.34,46.19,1198.54
CMP-2025-090,LinkedIn_LeadGeneration_EnterpriseDecisionMakers_No,Lead Generation,linkedin,07 Jun 2025,15 Jul 2025,North,,65262,437.0,0.67,86.0,20.0,4.58,96075.77,143182.59,49.03,219.85,1472.15,4803.79
CMP-2025-091,Google_LeadGeneration_SmallBusinessOwners_No,Lead Generation,Google,2025-05-29,2025-06-29,North,Small Business Owners,221647,5985.0,2.7,1136.0,486.0,8.12,109922.2,272771.78,148.15,18.37,495.93,226.18
CMP-2025-092,Google_Retargeting_SmallBusinessOwners_No,Retargeting,Google,2025-12-15,2026-01-23,North,Small Business Owners,216991,9206.0,4.24,2405.0,966.0,10.49,35320.66,89257.33,152.71,3.84,162.77,36.56
CMP-2025-093,Google_Retargeting_EnterpriseDecisionMakers_So,Retargeting,Google,2026-04-03,2026-05-14,South,Enterprise Decision Makers,225460,7282.0,3.23,2262.0,1018.0,13.98,76554.99,211908.39,176.81,10.51,339.55,75.2
CMP-2025-094,Google_LeadGeneration_YoungProfessionals_Ea,Lead Generation,Google,2025-09-02,2025-10-15,East,Young Professionals,144478,4479.0,3.1,1103.0,507.0,11.32,142001.62,278072.34,95.82,31.7,982.86,280.08
CMP-2025-095,Instagram_BrandAwareness_WorkingParents_No,Brand Awareness,Instagram,2025-06-05,2025-07-13,North,Working Parents,728172,6788.0,0.93,761.0,253.0,3.73,39518.32,51359.96,29.96,5.82,54.27,156.2
CMP-2025-096,YouTube_BrandAwareness_YoungProfessionals_Ea,Brand Awareness,youtube,13 Apr 2026,20 Apr 2026,East,YOUNG PROFESSIONALS,1726823,4653.0,0.27,476.0,93.0,2.0,130846.04,74951.68,-42.72,28.12,75.77,1406.95
CMP-2025-097,Instagram_LeadGeneration_Students_No,Lead Generation,Instagram,2026-02-12,2026-02-24,North,Students,661385,6435.0,0.97,888.0,275.0,4.27,123019.25,251484.29,104.43,19.12,186.0,447.34
CMP-2025-098,Instagram_LeadGeneration_ReturningCustomers_Ea,Lead Generation,Instagram,2026-07-09,2026-07-18,East,Returning Customers,551171,,,627.0,123.0,,51998.58,,,,94.34,422.75
CMP-2025-099,Instagram_BrandAwareness_YoungProfessionals_Ea,Brand Awareness,Instagram,2025-04-13,2025-05-18,East,Young Professionals,138236,1280.0,0.93,137.0,33.0,2.58,59438.6,88548.41,48.97,46.44,429.98,1801.17
CMP-2025-100,YouTube_BrandAwareness_YoungProfessionals_Ea,Brand Awareness,youtube,2025-09-08,2025-10-18,East,Young Professionals ,801110,2233.0,0.28,256.0,32.0,1.43,181133.07,107800.48,-40.49,81.12,226.1,5660.41
CMP-2025-101,Google_LeadGeneration_SmallBusinessOwners_No,Lead Generation,Google,2026-05-25,2026-07-08,North,Small Business Owners,108414,3211.0,2.96,582.0,253.0,7.88,92643.74,233371.65,151.9,28.85,854.54,366.18
CMP-2025-102,Google_LeadGeneration_WorkingParents_So,Lead Generation,Google,2026-07-14,2026-07-31,South,Working Parents,277159,8476.0,3.06,2667.0,1090.0,12.86,153154.45,298822.86,95.11,18.07,552.59,140.51
CMP-2025-103,LinkedIn_LeadGeneration_SmallBusinessOwners_So,Lead Generation,LinkedIn,2025-11-25,2025-10-31,South, small business owners ,25145,163.0,0.65,29.0,6.0,3.68,194333.71,547939.23,181.96,1192.23,7728.52,32388.95
CMP-2025-104,Facebook_SeasonalSale_Students_Ea,Seasonal Sale,Facebook,2025-01-23,2025-02-24,East,Students,552053,7083.0,1.28,750.0,217.0,3.06,90081.84,176663.61,96.11,12.72,163.18,415.12
CMP-2025-105,Instagram_LeadGeneration_ReturningCustomers_So,Lead Generation,Instagram,21 Oct 2025,11 Nov 2025,South,RETURNING CUSTOMERS,521069,6137.0,1.18,1113.0,345.0,5.62,65516.91,,,10.68,125.74,189.9
CMP-2025-106,YouTube_BrandAwareness_YoungProfessionals_We,Brand Awareness,YouTube,2025-05-21,2025-06-03,,Young Professionals ,1052419,4193.0,0.4,470.0,79.0,1.88,174573.01,1172152.66,571.44,41.63,165.88,2209.78
CMP-2025-107,Email_ProductLaunch_YoungProfessionals_No,Product Launch,Email,2025-10-30,2025-11-26,North,Young Professionals,40198,1535.0,3.82,683.0,312.0,20.33,5695.5,32566.81,471.8,3.71,141.69,18.25
CMP-2025-108,Instagram_LeadGeneration_ReturningCustomers_We,Lead Generation,Instagram,18/06/2025,11/07/2025,West,Returning Customers,729451,6571.0,0.9,1343.0,436.0,6.64,133581.6,230049.65,72.22,20.33,183.13,306.38
CMP-2025-109,Facebook_Retargeting_YoungProfessionals_No,Retargeting,Facebook,2025-03-19,2025-04-04,North,Young Professionals,546083,6680.0,1.22,987.0,328.0,4.91,50945.69,,,7.63,93.29,155.32
CMP-2025-110,Facebook_SeasonalSale_ReturningCustomers_We,Seasonal Sale,Facebook,2025-04-03,2025-05-05,West,Returning Customers,406515,4967.0,1.22,897.0,256.0,5.15,86705.82,160297.44,84.88,17.46,213.29,338.69
CMP-2026-111,Facebook_LeadGeneration_YoungProfessionals_No,Lead Generation,Facebook,2026-01-16,2026-01-29,North,Young Professionals,510314,7408.0,1.45,1032.0,299.0,4.04,79219.84,179650.25,126.77,10.69,155.24,264.95
CMP-2026-112,YouTube_ProductLaunch_YoungProfessionals_So,Product Launch,youtube,2026-04-21,2026-05-17,South,YOUNG PROFESSIONALS,538426,1167.0,0.22,175.0,16.0,1.37,76585.05,38491.75,-49.74,65.63,142.24,4786.57
CMP-2026-113,YouTube_SeasonalSale_WorkingParents_So,Seasonal Sale,YouTube,2026-07-05,2026-07-20,South,Working Parents,2301292,11815.0,0.51,1283.0,193.0,1.63,123637.13,95442.46,-22.8,10.46,53.73,640.61
CMP-2026-114,Google_LeadGeneration_SmallBusinessOwners_So,Lead Generation,Google,2026-03-01,2026-03-14,South,Small Business Owners,265982,8020.0,3.02,2219.0,666.0,8.3,111956.53,245079.17,118.91,13.96,420.92,168.1
CMP-2026-115,LinkedIn_BrandAwareness_SmallBusinessOwners_We,Brand Awareness,LinkedIn,2025-08-30,2025-09-29,West,Small Business Owners,54479,564.0,1.04,100.0,22.0,3.9,164994.05,201187.76,21.94,292.54,3028.58,7499.73
CMP-2026-116,Google_SeasonalSale_ReturningCustomers_Ea,Seasonal Sale,Google,06 May 2025,11 Jun 2025,East,RETURNING CUSTOMERS,197083,,,1673.0,547.0,,61513.23,411491.59,568.95,,312.12,112.46
CMP-2026-117,Instagram_LeadGeneration_WorkingParents_Ea,Lead Generation,Instagram,2026-08-02,2026-08-22,East,Working Parents,250509,2088.0,0.83,427.0,102.0,4.89,112993.1,165495.02,46.46,54.12,451.05,1107.78
CMP-2026-118,YouTube_ProductLaunch_Students_Ea,Product Launch,YouTube,03 Jan 2025,27 Jan 2025,East,Students,703484,2200.0,0.31,167.0,27.0,1.23,81767.28,38213.64,-53.27,37.17,116.23,3028.42
CMP-2026-119,Google_LeadGeneration_EnterpriseDecisionMakers_No,Lead Generation,Google,16 Jan 2025,14 Feb 2025,North,Enterprise Decision Makers,124467,3464.0,2.78,649.0,273.0,7.88,64741.45,179352.35,177.03,18.69,520.15,237.15
CMP-2026-120,Facebook_LeadGeneration_Students_No,Lead Generation,Facebook,2025-03-07,2025-04-13,North,,494009,5109.0,1.03,647.0,188.0,3.68,66634.48,125555.57,88.42,13.04,134.89,354.44
CMP-2026-121,Google_BrandAwareness_EnterpriseDecisionMakers_So,Brand Awareness,Google,18/06/2026,14/07/2026,South, enterprise decision makers ,63989,2210.0,3.45,522.0,213.0,9.64,155503.27,330133.61,112.3,70.36,2430.16,730.06
CMP-2026-122,Email_ProductLaunch_ReturningCustomers_Ea,Product Launch,Email,2026-03-31,2026-04-11,East,RETURNING CUSTOMERS,42058,1084.0,2.58,419.0,196.0,18.08,7526.4,26739.62,255.28,6.94,178.95,38.4
CMP-2026-123,Facebook_Retargeting_WorkingParents_We,Retargeting,Facebook,26/01/2026,12/03/2026,West,Working Parents ,501418,3682.0,0.73,678.0,226.0,6.14,77177.27,43941.32,-43.06,20.96,153.92,341.49
CMP-2026-124,Instagram_SeasonalSale_Students_So,Seasonal Sale,Insta,2026-07-19,2026-08-08,South,Students ,380702,5152.0,1.35,762.0,237.0,4.6,127130.47,181497.66,42.76,24.68,333.94,536.42
CMP-2026-125,Facebook_BrandAwareness_Students_So,Brand Awareness,Facebook,2025-11-17,2025-12-10,South,Students,701480,4960.0,0.71,,195.0,3.93,42553.48,73451.93,72.61,8.58,60.66,218.22
CMP-2026-126,Google_LeadGeneration_EnterpriseDecisionMakers_We,Lead Generation,Google,2026-01-17,2026-02-01,West,ENTERPRISE DECISION MAKERS,179164,5599.0,3.13,1104.0,366.0,6.54,108308.14,315940.46,191.71,19.34,604.52,295.92
CMP-2026-127,LinkedIn_BrandAwareness_EnterpriseDecisionMakers_So,Brand Awareness,LinkedIn,2026-03-10,2026-03-20,South,Enterprise Decision Makers,41560,322.0,0.77,50.0,13.0,4.04,150071.77,176082.34,17.33,466.06,3610.97,11543.98
CMP-2026-128,Instagram_BrandAwareness_YoungProfessionals_No,Brand Awareness,Instagram,2025-04-21,2025-05-20,North,Young Professionals,600441,6833.0,1.14,1345.0,447.0,6.54,67269.52,,,9.84,112.03,150.49
CMP-2026-129,YouTube_BrandAwareness_YoungProfessionals_No,Brand Awareness,YouTube,2026-07-25,2026-08-02,North,Young Professionals,1802268,3839.0,0.21,325.0,56.0,1.46,176698.78,162327.65,-8.13,46.03,98.04,3155.34
CMP-2026-130,Email_Retargeting_SmallBusinessOwners_Ce,Retargeting,Email,26/12/2025,02/01/2026,Central, small business owners ,100594,2423.0,2.41,984.0,536.0,22.12,5290.64,11783.22,122.72,2.18,52.59,9.87
CMP-2026-131,Facebook_Retargeting_YoungProfessionals_So,Retargeting,Facebook,2026-06-28,2026-07-18,South, young professionals ,219167,2005.0,0.91,279.0,97.0,4.84,77169.27,132813.31,72.11,38.49,352.1,795.56
CMP-2026-132,Instagram_Retargeting_WorkingParents_No,Retargeting,Instagram,2025-02-23,2025-03-11,North-East,Working Parents,544600,4799.0,0.88,861.0,230.0,4.79,96051.39,144009.78,49.93,20.01,176.37,417.61
CMP-2026-133,LinkedIn_LeadGeneration_SmallBusinessOwners_Ce,Lead Generation,LinkedIn ,2025-10-07,2025-10-27,Central,SMALL BUSINESS OWNERS,46804,273.0,0.58,62.0,14.0,5.13,64918.06,169306.14,160.8,237.8,1387.02,4637.0
CMP-2026-134,YouTube_BrandAwareness_Students_So,Brand Awareness,YouTube,2025-02-16,2025-03-09,South,Students,464989,1561.0,0.34,123.0,12.0,0.77,165875.12,82087.83,-50.51,106.26,356.73,13822.93
CMP-2026-135,Instagram_BrandAwareness_ReturningCustomers_Ea,Brand Awareness,Instagram,02/12/2025,16/12/2025,East,Returning Customers,230687,2245.0,0.97,414.0,112.0,4.99,110906.62,79888.01,-27.97,49.4,480.77,990.24
CMP-2026-136,Facebook_BrandAwareness_ReturningCustomers_No,Brand Awareness,Facebook,2025-12-29,2026-01-09,North,Returning Customers,394818,4109.0,1.04,449.0,106.0,2.58,110334.75,170612.89,54.63,26.85,279.46,1040.89
CMP-2026-137,YouTube_SeasonalSale_Students_No,Seasonal Sale,YouTube,2026-02-19,2026-03-24,North,Students,2334089,6473.0,0.28,940.0,127.0,1.96,129930.98,95894.81,-26.2,20.07,55.67,1023.08
CMP-2026-138,Facebook_SeasonalSale_YoungProfessionals_Ea,Seasonal Sale,Facebook,06/01/2026,18/01/2026,East,Young Professionals,394476,3907.0,0.99,428.0,144.0,3.69,37174.26,86773.69,133.42,9.51,94.24,258.15
CMP-2026-139,Google_BrandAwareness_EnterpriseDecisionMakers_No,Brand Awareness,Google Ads,15/08/2025,12/09/2025,North-East,Enterprise Decision Makers,195641,6979.0,3.57,1446.0,620.0,8.88,44547.42,110412.45,147.85,6.38,227.7,71.85
CMP-2026-140,Facebook_SeasonalSale_YoungProfessionals_So,Seasonal Sale,Facebook,2025-06-01,2025-06-23,South,Young Professionals,229304,1788.0,0.78,342.0,66.0,3.69,54436.35,109417.8,101.0,30.45,237.4,824.79
CMP-2026-141,YouTube_SeasonalSale_YoungProfessionals_No,Seasonal Sale,YouTube,2026-05-21,2026-06-26,North,Young Professionals ,1325365,8163.0,0.62,904.0,141.0,1.73,195577.27,147507.72,-24.58,23.96,147.56,1387.07
CMP-2026-142,Facebook_Retargeting_Students_No,Retargeting,Facebook,2025-11-20,2025-12-06,North-East,Students ,517772,6870.0,1.33,1175.0,286.0,4.16,78925.92,34235.85,-56.62,11.49,152.43,275.96
CMP-2026-143,Google_SeasonalSale_Students_No,Seasonal Sale,Google,18 Apr 2026,23 May 2026,North-East,STUDENTS,116027,4430.0,3.82,1404.0,380.0,8.58,81092.2,170633.58,110.42,18.31,698.91,213.4
CMP-2026-144,Email_SeasonalSale_YoungProfessionals_No,Seasonal Sale,Email,29 Jan 2026,06 Mar 2026,North,Young Professionals,109975,2555.0,2.32,1110.0,515.0,20.16,15427.89,47735.24,209.41,6.04,140.29,29.96
CMP-2026-145,Google_LeadGeneration_ReturningCustomers_Ea,Lead Generation,Google,2026-05-03,2026-06-11,East,Returning Customers,73805,3231.0,4.38,737.0,305.0,9.44,42734.21,86984.61,103.55,13.23,579.02,140.11
CMP-2026-146,Instagram_Retargeting_WorkingParents_Ea,Retargeting,Instagram,2025-06-26,2025-07-05,East,WORKING PARENTS,396835,4343.0,1.09,517.0,128.0,2.95,75342.2,102030.38,35.42,17.35,189.86,588.61
CMP-2026-147,LinkedIn_ProductLaunch_SmallBusinessOwners_No,Product Launch,LinkedIn,2026-02-23,2026-03-23,North,Small Business Owners,60269,372.0,0.62,64.0,16.0,4.3,54163.97,72569.79,33.98,145.6,898.7,3385.25
CMP-2026-148,Instagram_BrandAwareness_WorkingParents_No,Brand Awareness,Instagram,16 Sep 2025,31 Oct 2025,North,Working Parents,487125,3752.0,0.77,533.0,189.0,5.04,63336.63,125401.04,97.99,16.88,130.02,335.11
CMP-2026-149,Google_Retargeting_YoungProfessionals_So,Retargeting,Google,06 Feb 2026,21 Feb 2026,South, young professionals ,121203,3913.0,3.23,1138.0,497.0,12.7,152250.27,895237.4,488.0,38.91,1256.16,306.34
CMP-2026-150,Google_SeasonalSale_YoungProfessionals_So,Seasonal Sale,Google,2026-06-24,2026-07-06,South, young professionals ,133220,4260.0,3.2,874.0,262.0,6.15,87925.8,245822.81,179.58,20.64,660.0,335.59
CMP-2026-151,Email_Newsletter_ReturningCustomers_Ea,Newsletter,Email,2026-05-13,2026-06-01,East,Returning Customers,33873,1603.0,4.73,476.0,240.0,14.97,5219.57,17649.83,238.15,3.26,154.09,21.75
CMP-2026-152,Instagram_LeadGeneration_YoungProfessionals_Ea,Lead Generation,Instagram,2026-06-24,2026-07-03,East,Young Professionals,509359,5897.0,1.16,699.0,149.0,2.53,125785.17,240296.91,91.04,21.33,246.95,844.2
CMP-2026-153,Instagram_SeasonalSale_YoungProfessionals_Ea,Seasonal Sale,Instagram,2025-06-19,2025-07-24,East,Young Professionals,573338,8452.0,1.47,1464.0,462.0,5.47,66894.43,121675.83,81.89,7.91,116.68,144.79
CMP-2026-154,LinkedIn_LeadGeneration_EnterpriseDecisionMakers_No,Lead Generation,LinkedIn,2025-08-28,2025-10-08,,Enterprise Decision Makers,70552,697.0,0.99,105.0,,,213979.41,391171.55,82.81,307.0,3032.93,
CMP-2026-155,Facebook_SeasonalSale_Students_Ea,Seasonal Sale,Facebook,2026-03-28,2026-05-03,East,STUDENTS,436831,4394.0,1.01,525.0,113.0,2.57,114484.26,210791.26,84.12,26.05,262.08,1013.14
CMP-2026-156,Google_Retargeting_Students_So,Retargeting,Google,2025-09-14,2025-09-24,South,Students,177544,4662.0,2.63,1391.0,620.0,13.3,144264.62,51996.52,-63.96,30.94,812.56,232.68
CMP-2026-157,Email_Newsletter_SmallBusinessOwners_So,Newsletter,Email,14 Jun 2025,08 Jul 2025,South,Small Business Owners ,120570,2984.0,2.47,,666.0,22.32,9916.91,35562.94,258.61,3.32,82.25,14.89
CMP-2026-158,LinkedIn_BrandAwareness_EnterpriseDecisionMakers_We,Brand Awareness,linkedin ,2025-01-28,2025-03-02,,Enterprise Decision Makers,33797,354.0,1.05,64.0,10.0,2.82,132851.25,309230.18,132.76,375.29,3930.86,13285.12
CMP-2026-159,LinkedIn_LeadGeneration_EnterpriseDecisionMakers_Ea,Lead Generation,LinkedIn,2025-12-10,2025-12-26,East,Enterprise Decision Makers,73594,627.0,0.85,89.0,24.0,3.83,95203.89,124048.71,30.3,151.84,1293.64,3966.83
CMP-2026-160,Facebook_BrandAwareness_WorkingParents_No,Brand Awareness,fb,2025-01-06,2025-01-18,North,Working Parents,214197,3104.0,1.45,,138.0,4.45,49800.3,112171.58,125.24,16.04,232.5,360.87
CMP-2026-161,Google_LeadGeneration_WorkingParents_No,Lead Generation,Google,2025-09-01,2025-09-27,North,Working Parents,196958,7426.0,3.77,1402.0,620.0,8.35,64804.94,130887.01,101.97,8.73,329.03,104.52
CMP-2026-162,LinkedIn_LeadGeneration_EnterpriseDecisionMakers_Ce,Lead Generation,linkedin,2026-07-03,2026-07-11,Central,Enterprise Decision Makers,66142,390.0,0.59,47.0,10.0,2.56,145633.31,229287.39,57.44,373.42,2201.83,14563.33
CMP-2026-163,Instagram_Retargeting_Students_Ea,Retargeting,Instagram,2025-07-11,2025-07-23,East,Students,720644,8017.0,1.11,1558.0,423.0,5.28,66469.43,74883.47,12.66,8.29,92.24,157.14
CMP-2026-164,Google_Retargeting_YoungProfessionals_No,Retargeting,Google,2026-04-27,2026-05-06,North,Young Professionals,108339,2639.0,2.44,766.0,252.0,9.55,157629.93,395031.25,150.61,59.73,1454.97,625.52
CMP-2026-165,Google_LeadGeneration_Students_Ea,Lead Generation,google ads,2025-04-17,2025-05-31,East,Students,60197,2168.0,3.6,637.0,185.0,8.53,76564.83,199638.59,160.74,35.32,1271.9,413.86
CMP-2026-166,Facebook_LeadGeneration_YoungProfessionals_So,Lead Generation,Facebook,2026-04-21,2026-05-28,South,Young Professionals,159753,2092.0,1.31,324.0,75.0,3.59,1850000.0,138719.57,-92.5,884.32,11580.38,24666.67
CMP-2026-167,LinkedIn_LeadGeneration_SmallBusinessOwners_Ea,Lead Generation,LinkedIn,2025-07-24,2025-08-02,East,Small Business Owners,44681,416.0,0.93,81.0,13.0,3.12,99263.28,158082.17,59.26,238.61,2221.6,7635.64
CMP-2026-168,Google_Retargeting_EnterpriseDecisionMakers_No,Retargeting,Google Ads,2025-10-20,2025-11-18,North,Enterprise Decision Makers,200818,6027.0,3.0,1759.0,617.0,10.24,40975.5,132579.4,223.56,6.8,204.04,66.41
CMP-2026-169,Email_Newsletter_SmallBusinessOwners_No,Newsletter,Email,2026-03-27,2026-04-27,North, small business owners ,104587,3454.0,3.3,1435.0,579.0,16.76,5835.22,4252.01,-27.13,1.69,55.79,10.08
CMP-2026-170,Google_LeadGeneration_ReturningCustomers_No,Lead Generation,Google Ads,11 Mar 2026,23 Mar 2026,North,Returning Customers,91504,2787.0,3.05,542.0,176.0,6.32,159387.27,297003.91,86.34,57.19,1741.86,905.61
CMP-2026-171,LinkedIn_LeadGeneration_SmallBusinessOwners_No,Lead Generation,LinkedIn,2026-04-02,2026-05-17,North,SMALL BUSINESS OWNERS,47741,330.0,0.69,78.0,24.0,7.27,74162.84,122739.83,65.5,224.74,1553.44,3090.12
CMP-2026-172,Google_LeadGeneration_WorkingParents_Ce,Lead Generation,Google,22/03/2026,15/04/2026,Central,Working Parents,63192,,,580.0,213.0,,133934.73,338867.49,153.01,,2119.49,628.8
CMP-2026-173,Instagram_SeasonalSale_YoungProfessionals_Ce,Seasonal Sale,Instagram,2025-06-13,2025-06-21,Central, young professionals ,612226,4161.0,0.68,450.0,144.0,3.46,94870.88,46400.49,-51.09,22.8,154.96,658.83
CMP-2026-174,Facebook_SeasonalSale_ReturningCustomers_No,Seasonal Sale,Facebook,2026-01-28,2026-03-12,North,Returning Customers,403451,3895.0,0.97,,116.0,2.98,42645.39,61633.83,44.53,10.95,105.7,367.63
CMP-2026-175,Facebook_BrandAwareness_YoungProfessionals_We,Brand Awareness,Facebook,11/01/2026,12/02/2026,West,Young Professionals,725127,4873.0,0.67,596.0,163.0,3.34,57049.32,143758.22,151.99,11.71,78.67,350.0
CMP-2026-176,Google_SeasonalSale_Students_Ce,Seasonal Sale,Google,2025-05-01,2025-05-24,Central,Students ,99351,3722.0,3.75,1032.0,495.0,13.3,123004.73,754613.78,513.48,33.05,1238.08,248.49
CMP-2026-177,Instagram_Retargeting_WorkingParents_Ea,Retargeting,Instagram,2025-05-19,2025-05-30,East,Working Parents,400420,2902.0,0.72,528.0,175.0,6.03,128348.09,184873.69,44.04,44.23,320.53,733.42
CMP-2026-178,Instagram_SeasonalSale_Students_Ea,Seasonal Sale,Instagram,2026-01-02,2025-12-18,East,Students,308972,2422.0,0.78,448.0,137.0,5.66,58391.66,76016.1,30.18,24.11,188.99,426.22
CMP-2026-179,LinkedIn_LeadGeneration_EnterpriseDecisionMakers_So,Lead Generation,LinkedIn,2026-01-06,2026-02-14,South,ENTERPRISE DECISION MAKERS,71068,394.0,0.55,78.0,16.0,4.06,217398.2,397292.55,82.75,551.77,3059.02,13587.39
CMP-2026-180,Facebook_SeasonalSale_Students_No,Seasonal Sale,Facebook,24 Apr 2026,05 Jun 2026,North,Students,161421,1596.0,0.99,297.0,79.0,4.95,126688.34,184958.24,45.99,79.38,784.83,1603.65
CMP-2026-181,Instagram_SeasonalSale_YoungProfessionals_No,Seasonal Sale,Instagram,24 Feb 2026,08 Apr 2026,North,Young Professionals,524673,5417.0,1.03,984.0,238.0,4.39,136823.67,263368.03,92.49,25.26,260.78,574.89
CMP-2026-182,Google_LeadGeneration_SmallBusinessOwners_We,Lead Generation,Google,2026-07-19,2026-09-01,West,,149502,6583.0,4.4,1236.0,344.0,5.23,155783.08,251195.39,61.25,23.66,1042.01,452.86
CMP-2026-183,Google_Retargeting_Students_No,Retargeting,Google,18 Jun 2025,05 Jul 2025,North, students ,129585,5792.0,4.47,,786.0,13.57,123666.52,219382.12,77.4,21.35,954.33,157.34
CMP-2026-184,Instagram_SeasonalSale_ReturningCustomers_No,Seasonal Sale,Instagram,2026-07-19,2026-08-12,North-East, returning customers ,456091,4913.0,1.08,591.0,207.0,4.21,59824.83,28565.72,-52.25,12.18,131.17,289.01
CMP-2026-185,Email_Retargeting_SmallBusinessOwners_Ce,Retargeting,Email,2025-12-12,2026-01-24,Central,Small Business Owners,34340,1733.0,5.05,712.0,,,14297.26,33613.34,135.1,8.25,416.34,
CMP-2026-186,Email_Newsletter_YoungProfessionals_Ea,Newsletter,Email,2026-08-09,2026-09-11,,Young Professionals,127234,4882.0,3.84,1900.0,780.0,15.98,3878.57,12492.4,222.09,0.79,30.48,4.97
CMP-2026-187,YouTube_BrandAwareness_Students_No,Brand Awareness,youtube,2026-02-20,2026-03-18,North,Students,758256,2935.0,0.39,299.0,36.0,1.23,182393.51,78968.9,-56.7,62.14,240.54,5066.49
CMP-2026-188,LinkedIn_LeadGeneration_EnterpriseDecisionMakers_So,Lead Generation,LinkedIn,2025-11-23,2025-12-22,South,Enterprise Decision Makers,42826,328.0,0.77,56.0,13.0,3.96,67884.08,127882.37,88.38,206.96,1585.11,5221.85
CMP-2026-189,Instagram_BrandAwareness_WorkingParents_Ea,Brand Awareness,Instagram,2025-09-11,2025-09-27,East,Working Parents,362014,4247.0,1.17,551.0,185.0,4.36,58374.38,43455.0,-25.56,13.74,161.25,315.54
CMP-2026-190,LinkedIn_LeadGeneration_EnterpriseDecisionMakers_Ce,Lead Generation,LinkedIn,2025-12-02,2026-01-14,,Enterprise Decision Makers,28675,300.0,1.05,58.0,17.0,5.67,78220.97,117156.41,49.78,260.74,2727.85,4601.23
CMP-2026-191,Facebook_SeasonalSale_Students_So,Seasonal Sale,Facebook,2025-04-03,2025-05-05,South,Students,255540,2428.0,0.95,258.0,,,136168.96,282193.44,107.24,56.08,532.87,
CMP-2026-192,Google_LeadGeneration_SmallBusinessOwners_No,Lead Generation,google ads,2026-04-27,2026-05-22,North,Small Business Owners,149113,6474.0,4.34,1825.0,777.0,12.0,140896.55,280006.12,98.73,21.76,944.9,181.33
CMP-2026-193,LinkedIn_LeadGeneration_EnterpriseDecisionMakers_No,Lead Generation,LinkedIn ,2026-02-15,2026-02-25,North,Enterprise Decision Makers,55065,247.0,0.45,50.0,14.0,5.67,79064.68,459712.62,481.44,320.1,1435.84,5647.48
CMP-2026-194,Google_SeasonalSale_ReturningCustomers_So,Seasonal Sale,Google,02/05/2025,17/05/2025,South, returning customers ,232826,7325.0,3.15,2281.0,966.0,13.19,84237.96,159417.43,89.25,11.5,361.81,87.2
CMP-2026-195,Facebook_LeadGeneration_Students_We,Lead Generation,Facebook,2026-06-06,2026-07-08,West,Students,206332,1925.0,0.93,302.0,79.0,4.1,30209.89,53378.11,76.69,15.69,146.41,382.4
CMP-2026-196,Facebook_LeadGeneration_WorkingParents_Ce,Lead Generation,Facebook,12 Jun 2026,27 Jun 2026,Central,Working Parents,222376,,,626.0,146.0,,95502.83,136525.89,42.95,,429.47,654.13
CMP-2026-197,Google_LeadGeneration_ReturningCustomers_No,Lead Generation,Google,2026-06-06,2026-07-17,North, returning customers ,159225,3880.0,2.44,878.0,242.0,6.24,105365.53,214754.53,103.82,27.16,661.74,435.39
CMP-2026-198,Email_SeasonalSale_ReturningCustomers_No,Seasonal Sale,Email,2025-11-12,2025-11-20,North,Returning Customers,100392,5136.0,5.12,1943.0,768.0,14.95,6819.13,2978.68,-56.32,1.33,67.93,8.88
CMP-2026-199,Google_LeadGeneration_EnterpriseDecisionMakers_No,Lead Generation,Google,2026-05-07,2026-05-24,North,Enterprise Decision Makers,228159,7384.0,3.24,2179.0,,,125147.85,281963.49,125.3,16.95,548.51,
CMP-2026-200,Instagram_LeadGeneration_YoungProfessionals_Ce,Lead Generation,Instagram,2025-04-23,2025-05-12,Central,Young Professionals,215401,2664.0,1.24,398.0,127.0,4.77,61074.64,119093.61,95.0,22.93,283.54,480.9
CMP-2026-201,Facebook_Retargeting_WorkingParents_We,Retargeting,Facebook,2025-03-05,2025-03-20,West,Working Parents,748817,7912.0,1.06,,405.0,5.12,89501.98,144136.64,61.04,11.31,119.52,220.99
CMP-2026-202,Email_Retargeting_ReturningCustomers_We,Retargeting,Email,30/06/2026,28/07/2026,West,Returning Customers,124780,5293.0,4.24,2205.0,888.0,16.78,11948.36,,,2.26,95.76,13.46
CMP-2026-203,Instagram_BrandAwareness_YoungProfessionals_So,Brand Awareness,Insta,2025-09-10,2025-10-04,South,Young Professionals ,732933,6618.0,0.9,891.0,,,50859.71,96273.24,89.29,7.69,69.39,
CMP-2026-204,Instagram_BrandAwareness_ReturningCustomers_Ea,Brand Awareness,Instagram,21/11/2025,28/12/2025,East,Returning Customers,621105,5481.0,0.88,628.0,190.0,3.47,132375.54,79553.78,-39.9,24.15,213.13,696.71
CMP-2026-205,Google_BrandAwareness_WorkingParents_So,Brand Awareness,Google,09/02/2026,10/03/2026,,Working Parents,116804,3542.0,3.03,992.0,327.0,9.23,135576.98,301797.82,122.6,38.28,1160.72,414.61
CMP-2026-206,Google_Retargeting_EnterpriseDecisionMakers_So,Retargeting,Google,20/09/2025,27/10/2025,South, enterprise decision makers ,112360,4086.0,3.64,891.0,245.0,6.0,138493.96,97831.92,-29.36,33.89,1232.59,565.28
CMP-2026-207,LinkedIn_LeadGeneration_SmallBusinessOwners_We,Lead Generation,LinkedIn,2025-09-03,2025-09-25,West,SMALL BUSINESS OWNERS,33120,183.0,0.55,25.0,5.0,2.73,203407.23,266968.18,31.25,1111.51,6141.52,40681.45
CMP-2026-208,LinkedIn_BrandAwareness_EnterpriseDecisionMakers_No,Brand Awareness,LinkedIn ,21/05/2025,28/05/2025,,Enterprise Decision Makers ,28582,236.0,0.83,62.0,14.0,5.93,216134.37,382128.52,76.8,915.82,7561.91,15438.17
CMP-2026-209,LinkedIn_LeadGeneration_SmallBusinessOwners_No,Lead Generation,LinkedIn,22 Oct 2025,18 Nov 2025,North,Small Business Owners,69504,573.0,0.82,90.0,25.0,4.36,55353.45,147650.17,166.74,96.6,796.41,2214.14
CMP-2026-210,Instagram_SeasonalSale_YoungProfessionals_No,Seasonal Sale,Instagram,08 Feb 2025,26 Feb 2025,North,Young Professionals,708371,4823.0,0.68,966.0,311.0,6.45,121324.56,,,25.16,171.27,390.11
CMP-2026-211,Facebook_Retargeting_YoungProfessionals_So,Retargeting,Facebook,2025-10-24,2025-11-02,South,Young Professionals,187599,2787.0,1.49,374.0,134.0,4.81,90315.61,626451.1,593.62,32.41,481.43,674.0
CMP-2026-212,Facebook_Retargeting_WorkingParents_Ea,Retargeting,Facebook,21/05/2026,05/06/2026,East,Working Parents,241471,,,215.0,56.0,,78822.39,115133.77,46.07,,326.43,1407.54
CMP-2026-213,LinkedIn_LeadGeneration_EnterpriseDecisionMakers_So,Lead Generation,LinkedIn,2025-07-10,2025-07-17,South,Enterprise Decision Makers ,56041,500.0,0.89,74.0,22.0,4.4,183384.34,374212.62,104.06,366.77,3272.32,8335.65
CMP-2026-214,Google_BrandAwareness_ReturningCustomers_No,Brand Awareness,Google,2026-03-14,2026-04-22,North, returning customers ,71938,3280.0,4.56,810.0,377.0,11.49,85104.16,124876.49,46.73,25.95,1183.02,225.74
CMP-2025-013,Facebook_BrandAwareness_ReturningCustomers_So,Brand Awareness,Facebook,2026-07-04,2026-07-28,South,RETURNING CUSTOMERS,304905,2392.0,0.78,240.0,74.0,3.09,64120.18,126505.51,97.29,26.81,210.3,866.49
CMP-2025-046,Email_SeasonalSale_ReturningCustomers_So,Seasonal Sale,Email,2025-06-28,2025-08-10,South,Returning Customers,25046,767.0,3.06,271.0,126.0,16.43,10349.22,32539.0,214.41,13.49,413.21,82.14
CMP-2025-089,YouTube_ProductLaunch_WorkingParents_So,Product Launch,YouTube,03/09/2025,20/09/2025,South,Working Parents,1245581,3751.0,0.3,509.0,48.0,1.28,57529.78,51226.37,-10.96,15.34,46.19,1198.54
CMP-2026-121,Google_BrandAwareness_EnterpriseDecisionMakers_So,Brand Awareness,Google Ads,2026-06-18,2026-07-14,South,Enterprise Decision Makers,63989,2210.0,3.45,522.0,213.0,9.64,155503.27,330133.61,112.3,70.36,2430.16,730.06
CMP-2026-161,Google_LeadGeneration_WorkingParents_No,Lead Generation,Google,2025-09-01,2025-09-27,North, working parents ,196958,7426.0,3.77,1402.0,620.0,8.35,64804.94,130887.01,101.97,8.73,329.03,104.52
CMP-2026-201,Facebook_Retargeting_WorkingParents_We,Retargeting,Facebook,05/03/2025,20/03/2025,West,Working Parents,748817,7912.0,1.06,1149.0,405.0,5.12,89501.98,144136.64,61.04,11.31,119.52,220.99
